opening_name	eco	game_count	rank
King's pawn Opening	B00	539	1
Queen's pawn	A40	388	2
Queen's pawn game	A45	241	3
King's pawn game	C20	229	4
King's knight Opening	C40	216	5
King's pawn game	C44	187	6
Sicilian defense	B20	185	7
Sicilian defense	B27	171	8
Queen's pawn game	A50	171	9
Reti Opening	A04	146	10
Queen's pawn game	E00	130	11
Queen's pawn game	D00	98	12
King's pawn game	C50	89	13
Sicilian	B50	76	14
Queen's Gambit	D06	72	15
Reti Opening	A06	70	16
English Opening	A10	61	17
Reti Opening	A05	59	18
Ruy Lopez (Spanish Opening)	C60	59	19
Queen's pawn game	E10	57	20
French defense	C00	54	21
Sicilian defense	B30	54	22
Two knights defense	C55	51	23
Ruy Lopez	C70	44	24
Nimzo-Indian defense	E20	44	25
Two knights defense (Modern Bishop's Opening)	C55	43	26
Queen's gambit declined	D30	41	27
Queen's gambit declined: 4.Nf3	D37	41	28
Queen's pawn game	A46	40	29
Reti: King's Indian attack (Barcza system)	A07	37	30
Sicilian defense	B40	37	31
Sicilian	B54	36	32
Giuoco Piano	C50	35	33
Caro-Kann defense	B10	35	34
Sicilian: Najdorf	B90	35	35
King's Indian defense	E60	35	36
Four knights game	C46	35	37
Sicilian	B56	34	38
Three knights game	C46	30	39
King's Indian defense, 3.Nc3	E61	30	40
Ruy Lopez: Morphy defense	C77	30	41
Petrov's defense	C42	29	42
Sicilian: Nimzovich-Rossolimo attack (without ...d6)	B30	29	43
Caro-Kann defense	B12	27	44
Queen's gambit declined: Exchange Variation	D35	23	45
Sicilian: Canal-Sokolsky (Nimzovich-Rossolimo, Moscow) attack	B51	23	46
Nimzo-Indian: 4.e3	E40	23	47
Queen's gambit declined: 3.Nc3	D31	22	48
Queen's gambit declined: Exchange, positional line	D35	21	49
Ruy Lopez: 5.O-O	C78	21	50
Queen's gambit declined: Slav defense	D10	21	51
French: Paulsen Variation	C10	20	52
King's Indian: 4.e4	E70	20	53
Queen's pawn game	D02	19	54
Nimzo-Indian: 4.e3 O-O	E46	17	55
Pirc defense	B07	17	56
English, 1...Nf6 (Anglo-Indian defense)	A15	16	57
Queen's Bishop game	D02	16	58
Queen's gambit declined: 3...Nf6	D35	16	59
English Opening	A20	16	60
Queen's gambit declined: Slav: 4.Nc3	D15	15	61
Ruy Lopez: Closed defense	C84	15	62
Queen's gambit declined: Ragozin Variation	D38	14	63
Queen's Pawn	A41	14	64
Giuoco Pianissimo: Italian Four knights Variation	C50	14	65
Giuoco Pianissimo	C50	14	66
English Opening	A13	14	67
English Opening	A16	14	68
Reti: King's Indian attack	A07	13	69
Queen's gambit declined: Exchange, positional line, 5...c6	D35	13	70
French: Tarrasch	C03	13	71
Caro-Kann: Advance Variation	B12	13	72
Queen's gambit declined: Slav: 3.Nf3	D11	13	73
Sicilian defense	B32	13	74
Philidor: Improved Hanham Variation	C41	12	75
Bogo-Indian defense	E11	12	76
Four knights: Scotch Variation	C47	12	77
King's Indian: 5.Be2	E73	12	78
Giuoco Piano	C53	11	79
Sicilian: Taimanov Variation	B45	11	80
Gruenfeld defense	D80	11	81
King's Indian: East Indian defense	A48	11	82
Robatsch (Modern) defense	B06	11	83
French defense	C11	10	84
Catalan: Closed, 5.Nf3	E06	10	85
Queen's gambit declined: Semi-Slav	D43	10	86
Sicilian: Kan Variation	B41	10	87
Four knights: Scotch, 4...exd4	C47	9	88
French: Exchange Variation	C01	9	89
Ruy Lopez: Berlin defense	C65	9	90
Sicilian: Nimzovich-Rossolimo attack (with ...g6, without ...d6)	B31	9	91
Sicilian: Najdorf, Byrne (English) attack	B90	9	92
Trompovsky attack (Ruth, Opovcensky Opening)	A45	9	93
Four knights: Spanish Variation	C48	9	94
Catalan	E00	9	95
Nimzo-Indian: Three knights Variation	E21	9	96
Scotch Opening	C44	9	97
Scotch game	C45	9	98
French: Advance Variation	C02	9	99
Sicilian defense	B44	9	100
English: ultra-Symmetrical Variation	A36	8	101
Reti: Nimzovich-Larsen attack	A06	8	102
Sicilian defense	B33	8	103
French: Winawer (Nimzovich) Variation	C15	8	104
Sicilian: Closed	B23	8	105
Reti: King's Indian attack	A05	8	106
Scandinavian (center counter) defense	B01	8	107
Queen's Indian defense	E12	8	108
French: Tarrasch, Open Variation	C07	8	109
English: Symmetrical Variation	A30	8	110
English Opening	A21	8	111
Nimzo-Indian: Classical Variation	E32	7	112
Nimzo-Indian: 4.e3 O-O, 5.Bd3	E47	7	113
Two knights defense	C58	7	114
Two knights defense	C57	7	115
King's Indian: Semi-Averbakh system	E73	7	116
French: Steinitz Variation	C11	7	117
Gruenfeld: Exchange Variation	D85	7	118
Queen's gambit accepted	D20	7	119
Modern defense	A40	7	120
Nimzo-Indian: 4.e3 O-O, 5.Bd3 d5	E48	6	121
Petrov: Classical attack	C42	6	122
Bishop's Opening	C23	6	123
Ruy Lopez: Anderssen Variation	C77	6	124
Queen's gambit declined: Slav accepted: Alapin Variation	D16	6	125
Queen's gambit declined: Slav accepted	D15	6	126
Clemenz (Mead's, Basman's or de Klerk's) Opening	A00	6	127
Bishop's Opening: Berlin defense	C24	6	128
Queen's gambit declined: Slav: Czech defense	D17	6	129
Sicilian: Canal-Sokolsky attack, 3...Bd7	B52	6	130
Queen's pawn game	D04	6	131
French: Winawer, Advance Variation	C17	6	132
French: Winawer, Advance Variation	C16	6	133
Sicilian: Anderssen Variation	B40	6	134
Petrov Three knights game	C42	6	135
Ruy Lopez: Modern Steinitz defense	C71	6	136
English: Neo-Catalan declined	A14	6	137
King's Indian: 5.Nf3	E90	5	138
Queen's gambit declined: Slav defense: Exchange Variation	D10	5	139
QGA: Classical Variation	D26	5	140
French: Advance, Paulsen attack	C02	5	141
Reti Opening	A09	5	142
Sicilian: Kan, Maroczy bind (Reti Variation )	B41	5	143
Ruy Lopez: Classical defense deferred	C70	5	144
Reti: King's Indian attack, Spassky's Variation	A05	5	145
Petrov: Nimzovich attack	C42	5	146
Nimzo-Indian: Saemisch Variation	E24	5	147
English: Symmetrical Variation	A37	5	148
QGA, 4.e3	D25	5	149
English Opening	A22	5	150
QGA: Classical Variation , 6.O-O	D26	5	151
Catalan: Open, 5.Nf3	E04	5	152
Queen's gambit accepted	D23	5	153
Queen's pawn, Mason Variation	D00	5	154
Vienna game	C25	5	155
Caro-Kann: 3.Nd2	B12	5	156
English: Symmetrical, Three knights system	A34	5	157
Sicilian: Pelikan, Chelyabinsk Variation	B33	4	158
Caro-Kann: Tartakower (Nimzovich) Variation	B15	4	159
Reti v Dutch	A04	4	160
Sicilian: Alapin's Variation (2.c3)	B22	4	161
Scotch: Schmidt Variation	C45	4	162
Ruy Lopez: Modern Steinitz defense, 5.O-O	C72	4	163
Sicilian: Najdorf, Adams attack	B90	4	164
English: Four knights system	A28	4	165
Benoni defense	A61	4	166
QGA: 4...e6	D26	4	167
Sicilian: Taimanov (Bastrikov) Variation	B47	4	168
Sicilian: Pelikan (Lasker/Sveshnikov) Variation	B33	4	169
Catalan: Closed	E01	4	170
Queen's gambit declined: Semi-Slav: 5...Nd7	D45	4	171
French: Winawer, Advance, 5.a3	C17	4	172
Sicilian: Najdorf, Opovcensky Variation	B92	4	173
Bogo-Indian defense, Gruenfeld Variation	E11	4	174
Four knights: Rubinstein counter-gambit	C48	4	175
Sicilian, Chekhover Variation	B53	4	176
Caro-Kann: Exchange Variation	B13	4	177
Benko's Opening	A00	4	178
French: Winawer, Advance Variation	C18	4	179
Caro-Kann: Classical Variation	B18	4	180
QGA: 3.Nf3	D21	4	181
Vienna: Falkbeer Variation	C26	4	182
French: Steinitz, Boleslavsky Variation	C11	4	183
Caro-Kann: Two knights Variation	B10	4	184
Sicilian: Richter-Rauzer	B60	4	185
English: Neo-Catalan	A13	4	186
Ruy Lopez: Fianchetto (Smyslov/Barnes) defense	C60	4	187
Nimzovich-Larsen attack	A01	4	188
Robatsch defense	B06	4	189
Sicilian: Najdorf, 6.Bg5	B94	4	190
Giuoco Piano: Four knights Variation	C50	4	191
Sicilian: Hungarian Variation	B27	4	192
Queen's gambit declined: Semi-Slav: 5.e3	D45	4	193
English: Symmetrical Variation	A34	4	194
English Opening	A17	4	195
King's Indian: 6.Be2	E91	3	196
Queen's pawn game	D05	3	197
Nimzo-Indian: Fischer Variation , 5.Ne2	E44	3	198
Sicilian: Taimanov Variation	B48	3	199
Sicilian: Labourdonnais-Loewenthal Variation	B32	3	200
Robatsch defense: Two knights Variation	B06	3	201
Caro-Kann defense	B15	3	202
Nimzo-Indian: Reshevsky Variation	E46	3	203
Queen's Indian defense: 4.g3	E15	3	204
Queen's gambit declined: Slav: Krause attack	D17	3	205
Ruy Lopez: Closed	C88	3	206
Ruy Lopez: Steinitz defense deferred (Russian defense)	C79	3	207
Queen's gambit declined: Slav: Dutch Variation , Main line	D19	3	208
Nimzo-Indian: Saemisch Variation	E28	3	209
Queen's gambit declined: Slav: Dutch Variation	D19	3	210
Queen's gambit declined: Slav: Dutch Variation	D18	3	211
Queen's Indian defense	A47	3	212
Neo-Gruenfeld, 6.O-O c6	D78	3	213
Nimzo-Indian: Classical, Noa Variation	E34	3	214
Queen's Indian defense: Petrosian system	E12	3	215
King's Indian: Fianchetto, Classical Variation , 8.e4	E68	3	216
Scandinavian: Pytel-Wade Variation	B01	3	217
Dzindzikhashvili defense	E10	3	218
Four knights: Scotch, Krause Variation	C47	3	219
English: Mikenas-Carls Variation	A18	3	220
Sicilian: Labourdonnais-Loewenthal (Kalashnikov) Variation	B32	3	221
Petrov: Modern attack, Symmetrical Variation	C43	3	222
Nimzo-Indian: Fischer Variation	E43	3	223
Scotch: Mieses Variation	C45	3	224
Four knights: Belgrade gambit	C47	3	225
King's Indian: 3.g3	E60	3	226
Benoni defense	A56	3	227
English Opening: Agincourt Variation	A13	3	228
QGA: Classical, Steinitz Variation	D26	3	229
King's Indian: Fianchetto without c4	A49	3	230
Caro-Kann: Classical, 6.h4	B18	3	231
Sicilian: Richter-Rauzer, 6...e6	B62	3	232
Sicilian: Kan, 5.Bd3	B42	3	233
Queen's pawn: Franco-Indian (Keres) defense	A40	3	234
Queen's pawn: Keres defense	A40	3	235
King's Indian: Fianchetto, Classical Variation	E67	3	236
Gruenfeld: Modern Exchange Variation	D85	3	237
Sicilian: Closed, 2...Nc6	B23	3	238
Petrov: Modern (Steinitz) attack	C43	3	239
Queen's gambit declined: Classical Variation (5.Bf4)	D37	3	240
Nimzo-Indian: 4.e3, Botvinnik system	E49	3	241
Dutch	A80	3	242
French: Advance, Euwe Variation	C02	2	243
King's Indian: Averbakh, 6...c5	E74	2	244
Queen's gambit declined: Semi-Slav: Stoltz Variation	D45	2	245
King's Indian: Averbakh, Main line	E75	2	246
Queen's Indian defense: Miles Variation	E12	2	247
Benoni: 6.e4	A65	2	248
Anderssen's Opening	A00	2	249
Queen's gambit declined: Symmetrical (Austrian) defense	D06	2	250
Sicilian: Kan, Polugaievsky Variation	B42	2	251
King's Indian: Torre attack	A48	2	252
English: Neo-Catalan accepted	A13	2	253
Sicilian: Richter-Rauzer, Rauzer attack	B63	2	254
Kevitz-Trajkovich defense	A50	2	255
Sicilian: Najdorf, Zagreb (Fianchetto) Variation	B91	2	256
Sicilian: Najdorf, 6...e6	B95	2	257
King's Indian: Fianchetto, Yugoslav, 7.O-O	E65	2	258
Queen's pawn game, Rubinstein (Colle-Zukertort) Variation	D05	2	259
Sicilian: Smith-Morra gambit	B21	2	260
Robatsch defense: Geller's system	B07	2	261
Vienna gambit	C29	2	262
Vienna gambit: Paulsen attack	C29	2	263
Sicilian: Nimzovich-Rubinstein Variation	B29	2	264
Queen's gambit declined: Tarrasch defense	D32	2	265
Nimzovich-Larsen attack: Modern Variation	A01	2	266
Queen's gambit declined: 4.Bg5	D50	2	267
Bogo-Indian defense, Nimzovich Variation	E11	2	268
Queen's gambit declined: Exchange, Saemisch Variation	D35	2	269
French: Burn Variation	C11	2	270
Reti: King's Indian attack, Keres Variation	A07	2	271
Queen's Indian defense: 4.g3 Bb7	E15	2	272
Old Indian: Tartakower (Wade) Variation	A41	2	273
King's Indian: Fianchetto, Uhlmann (Szabo) Variation	E62	2	274
Sicilian: Accelerated Fianchetto, Maroczy bind, 5...Bg7	B37	2	275
English: Nimzo-English Opening	A17	2	276
Queen's gambit declined: Slav: 4.e3	D11	2	277
Ruy Lopez: Berlin defense, Open Variation	C67	2	278
King's Indian: Fianchetto with ...Nc6	E62	2	279
King's Indian: Averbakh system	E73	2	280
Four knights: Rubinstein counter-gambit, Exchange Variation	C48	2	281
Queen's pawn: Chigorin Variation	D00	2	282
Sicilian: Scheveningen (Paulsen), Classical Variation	B84	2	283
Four knights: Spanish, Classical defense	C48	2	284
Nimzo-Indian: Classical, 4...c5	E38	2	285
Sicilian: Accelerated Fianchetto, Maroczy bind, 6.Be3	B38	2	286
Nimzo-Indian: 4.e3 c5, 5.Ne2 (Rubinstein)	E42	2	287
English: Caro-Kann defensive system	A11	2	288
Evans gambit declined	C51	2	289
Caro-Kann: Two knights, 3...Bg4	B11	2	290
Ruy Lopez: Modern Steinitz defense, Duras (Keres) Variation	C71	2	291
Nimzo-Indian: Classical, Pirc Variation	E39	2	292
Reti: King's Indian attack	A08	2	293
Gruenfeld: Exchange, Classical Variation	D86	2	294
Sicilian: Accelerated Fianchetto, Modern Variation	B34	2	295
Sicilian: Richter-Rauzer, Rauzer attack, 7...a6	B66	2	296
Ware (Meadow Hay) Opening	A00	2	297
Old Indian defense	A53	2	298
King's Indian: Makagonov system (5.h3)	E71	2	299
Reti: King's Indian attack (with ...c5)	A07	2	300
King's Indian: Kramer system	E70	2	301
Ruy Lopez: Berlin defense, 4.O-O	C65	2	302
French: Tarrasch, Open Variation , Main line	C09	2	303
Benoni: Classical, 9...Re8, 10.Nd2	A77	2	304
Queen's gambit declined: Charousek (Petrosian) Variation	D31	2	305
Queen's gambit declined: Exchange, positional line, 6.Qc2	D36	2	306
Benoni: Nimzovich (knight's tour) Variation	A61	2	307
Nimzo-Indian: Classical, Noa Variation , 5.cd ed	E35	2	308
Evans gambit	C52	2	309
Evans gambit	C51	2	310
Queen's gambit declined: Slav: 4.e3 Bf5	D12	2	311
Nimzo-Indian: 4.e3 c5	E41	2	312
Queen's gambit declined: Semi-Tarrasch, 5.cd	D41	2	313
Queen's pawn: Yusupov-Rubinstein system	A46	2	314
English: Mikenas-Carls, Sicilian Variation	A19	2	315
Queen's gambit declined: Semi-Tarrasch defense	D40	2	316
Petrov: Kaufmann attack	C42	2	317
Nimzo-Indian: Saemisch Variation	E27	2	318
Sicilian: Richter-Rauzer, Rauzer attack, 7...a6 defense, 8...Bd7	B67	2	319
French: Tarrasch, Closed Variation	C05	2	320
Reti: King's Indian attack, Pachman system	A07	2	321
Ruy Lopez: Closed, 7...O-O	C88	2	322
QGA: 3.e4	D20	2	323
French: Advance, Wade Variation	C02	2	324
French: Rubinstein Variation	C10	2	325
Caro-Kann: Classical, 7...Nd7	B19	2	326
Queen's pawn game, Krause Variation	D02	2	327
Dutch defense	A90	1	328
King's Indian: Smyslov system	E61	1	329
Ruy Lopez: Archangelsk (counterthrust) Variation	C78	1	330
Benoni: Taimanov Variation	A67	1	331
English: Caro-Kann defensive system	A12	1	332
Queen's pawn, Mason Variation , Steinitz counter-gambit	D00	1	333
French: Classical	C13	1	334
Sicilian: Closed	B24	1	335
Four knights: Rubinstein counter-gambit, Henneberger Variation	C48	1	336
Gruenfeld: Russian Variation	D81	1	337
Ruy Lopez: Caro Variation	C70	1	338
Sicilian: Najdorf, 7.f4	B96	1	339
Ruy Lopez: Exchange Variation doubly deferred (DERLD)	C85	1	340
King's Indian: London system	A48	1	341
French: Two knights Variation	C00	1	342
Sicilian: Accelerated Fianchetto, Modern Variation with Bc4	B35	1	343
Reti: King's Indian attack, Yugoslav Variation	A07	1	344
King's Indian: Classical Variation	E92	1	345
Queen's gambit declined: Tarrasch defense, 4.cd ed	D32	1	346
English: Four knights, Romanishin Variation	A28	1	347
Sicilian: Kan, 5.Nc3	B43	1	348
King's Indian: Fianchetto, Panno Variation	E63	1	349
Petrov: Classical attack, Marshall Variation	C42	1	350
Hungarian defense	C50	1	351
Queen's gambit declined: Semi-Slav: Meran Variation	D47	1	352
Old Indian defense	A41	1	353
Ruy Lopez: Open, 8...Be6	C80	1	354
Sicilian: Boleslavsky Variation	B58	1	355
Queen's Indian defense: Old Main line, 6.O-O	E17	1	356
KGA: Bishop's gambit, Maurian defense	C33	1	357
Sicilian: Richter-Rauzer, Larsen Variation	B60	1	358
King's Indian, 3.Nf3	E60	1	359
English: Four knights, Marini Variation	A28	1	360
French: Reti (Spielmann) Variation	C00	1	361
Ruy Lopez: Open, Classical defense	C83	1	362
Ruy Lopez: Four knights (Tarr�3��� Variation	C77	1	363
Caro-Kann: Panov-Botvinnik attack, 5...g6	B14	1	364
Queen's Indian defense: Nimzovich Variation (exaggerated Fianchetto)	E15	1	365
Sicilian: Closed, 6.Be3	B26	1	366
Sicilian: Nimzovich-Rossolimo attack, Gurgenidze Variation	B31	1	367
Catalan: Closed, Botvinnik Variation	E07	1	368
Sicilian: Sveshnikov Variation	B33	1	369
Alekhine's defense: Modern, Larsen Variation	B04	1	370
Vienna gambit: Bardeleben Variation	C29	1	371
Ruy Lopez: Marshall counter-attack	C89	1	372
Benoni: Fianchetto Variation	A62	1	373
Ruy Lopez: Taimanov (chase/wing/Accelerated counterthrust) Variation	C70	1	374
Gruenfeld: 4.Bf4	D82	1	375
Sicilian: Classical	B58	1	376
Sicilian: Najdorf, Lipnitzky attack	B90	1	377
Polish (Sokolsky) opening	A00	1	378
Ruy Lopez: Closed, 8.c3	C88	1	379
King's Indian: Saemisch Variation	E80	1	380
English: Symmetrical, Four knights system	A35	1	381
Gruenfeld: Gruenfeld gambit, Botvinnik Variation	D83	1	382
Ruy Lopez: Schliemann defense	C63	1	383
Queen's gambit declined: Tarrasch, Prague Variation , Normal position	D34	1	384
Queen's gambit declined: Ragozin, Vienna Variation	D39	1	385
French: Tarrasch, Guimard Main line	C04	1	386
Sicilian: Richter-Rauzer, Keres Variation	B62	1	387
King's Indian: Orthodox Variation	E94	1	388
French: King's Indian attack	C00	1	389
Petrov: Classical attack, Chigorin Variation	C42	1	390
Petrov: Damiano Variation	C42	1	391
Nimzo-Indian: 4.e3, Main line with ...b6	E52	1	392
QGA, Janowsky-Larsen Variation	D25	1	393
Queen's gambit declined: Semi-Slav	D31	1	394
Queen's pawn: Torre attack	A46	1	395
English, Nimzovich Variation	A20	1	396
Sicilian: Pin Variation (Sicilian counter-attack)	B40	1	397
Queen's gambit declined: Semi-Slav: 7.Bc4	D47	1	398
French: Advance, Nimzovich Variation	C02	1	399
Ruy Lopez: Classical defense, 4.c3	C64	1	400
Pirc: Sveshnikov system	B07	1	401
Queen's gambit declined: Tarrasch, Prague Variation	D33	1	402
French: Albin-Alekhine-Chatard attack	C13	1	403
Four knights: Gunsberg Variation	C46	1	404
English: Symmetrical, Botvinnik system	A36	1	405
center game: Hall Variation	C22	1	406
English: Four knights, 4.e3	A28	1	407
Nimzo-Indian: Saemisch Variation	E25	1	408
Nimzo-Indian: 4.e3 e8g8, 5.Nf3, without ...d5	E50	1	409
Ruy Lopez: Open, 6.d4 b5	C80	1	410
Reti: Old Indian attack	A06	1	411
Queen's Indian defense: 4.e3	E14	1	412
King's gambit accepted	C33	1	413
Queen's gambit declined: Semi-Slav, Marshall gambit	D31	1	414
Queen's Indian defense: Old Main line, 7.Nc3	E18	1	415
Sicilian: chameleon Variation	B23	1	416
Benoni: Classical with ...Re8 and ...Na6	A78	1	417
Ruy Lopez: Cozio defense deferred	C70	1	418
Ruy Lopez: Morphy defense, Duras Variation	C77	1	419
Dutch, 2.Bg5 Variation	A80	1	420
Old Indian: Main line	A55	1	421
Benoni: pawn storm Variation	A66	1	422
English: Symmetrical Variation	A35	1	423
English: Symmetrical Variation	A36	1	424
King's Indian: Fianchetto with ...Nd7	E67	1	425
Czech Benoni defense	A56	1	426
Scotch gambit: Dubois-Reti defense	C44	1	427
Nimzo-Indian: Kmoch Variation	E20	1	428
Reti accepted	A09	1	429
English Opening	A15	1	430
Sicilian: Boleslavsky Variation , 7.Nb3	B59	1	431
Queen's Indian defense: 5.Bg2 Be7	E17	1	432
English, Kramnik-Shirov counterattack	A21	1	433
Queen's gambit declined: 4.Bg5 Be7	D53	1	434
Queen's Indian defense: Capablanca Variation	E16	1	435
Pirc: Classical (Two knights) system	B08	1	436
Evans gambit: normal Variation	C51	1	437
Caro-Kann: Tartakower (fantasy) Variation	B12	1	438
Gruenfeld: Stockholm Variation	D80	1	439
Ruy Lopez: Open, 7.Bb3	C80	1	440
Caro-Kann: Panov-Botvinnik attack	B13	1	441
Petrov: Paulsen attack	C42	1	442
King's Indian: Fianchetto Variation	E62	1	443
French: Schlechter Variation	C00	1	444
Caro-Kann: Exchange, Rubinstein Variation	B13	1	445
King's Indian: Kazakh Variation	E91	1	446
Nimzovich-Larsen attack: Indian Variation	A01	1	447
English: Anglo-Gruenfeld defense	A16	1	448
Queen's gambit declined: Semi-Tarrasch, 7.Bd3	D42	1	449
King's Indian: Fianchetto, Yugoslav Panno	E66	1	450
Petrov: Cozio (Lasker) attack	C42	1	451
French: Fort Knox Variation	C10	1	452
Queen's Indian Accelerated	A50	1	453
Scotch: Blumenfeld attack	C45	1	454
Benoni defense	A60	1	455
Ruy Lopez: Open, 9.c3	C82	1	456
Queen's gambit declined: Tarrasch, Reti Variation	D34	1	457
Ruy Lopez: Classical (Cordel) defense	C64	1	458
Queen's gambit declined: Slav: Carlsbad Variation	D17	1	459
Ruy Lopez: Fianchetto defense deferred	C70	1	460
Dutch: Leningrad, Main Variation	A87	1	461
Pirc: Ufimtsev-Pytel Variation	B07	1	462
Alekhine's defense	B02	1	463
Alekhine's defense	B03	1	464
Gruenfeld: Gruenfeld gambit, Capablanca Variation	D83	1	465
Sicilian: Pin, Koch Variation	B40	1	466
Vienna game, Max Lange defense	C25	1	467
Caro-Kann: Anti-anti-Caro-Kann defense	B10	1	468
English: Mikenas-Carls, Flohr Variation	A18	1	469
Vienna: Paulsen-Mieses Variation	C26	1	470
Queen's gambit declined: Semi-Slav: 6.Bd3	D46	1	471
Four knights: double Ruy Lopez	C49	1	472
center game	C21	1	473
center game	C22	1	474
Queen's gambit declined: 4.Bg5 Be7, 5.e3 O-O	D53	1	475
English: Four knights, kingside Fianchetto	A29	1	476
Scotch: Tartakower Variation	C45	1	477
King's gambit	C30	1	478
Queen's gambit declined: Janowski Variation	D31	1	479
Sicilian: Accelerated Fianchetto, Maroczy bind	B36	1	480
Scotch: Potter Variation	C45	1	481
English: Four knights, Capablanca Variation	A28	1	482
Vienna: Paulsen Variation	C25	1	483
French: Winawer, Advance, Bogolyubov Variation	C17	1	484
French: Tarrasch, Open, 4.ed ed	C08	1	485
Ruy Lopez: Open, 8.de	C80	1	486
Neo-Gruenfeld defense	D70	1	487
Queen's gambit declined: Tarrasch, Prague Variation , 7...Be7	D34	1	488
Alekhine's defense: Modern Variation	B04	1	489
King's Indian: Saemisch, 5...O-O	E81	1	490
Evans gambit: Leonhardt Variation	C52	1	491
Sicilian: Prins (Moscow) Variation	B54	1	492
Ruy Lopez: Marshall counter-attack, 11...c6	C89	1	493
Robatsch defense: Pseudo-Austrian attack	B06	1	494
English: Anglo-Dutch defense	A10	1	495
French: Tarrasch, Guimard Variation	C03	1	496
Petrov: Classical attack, Mason Variation	C42	1	497
Sicilian: Sozin with ...a6 and ...b5	B87	1	498
Gruenfeld: Gruenfeld gambit	D83	1	499
Nimzo-Indian: Saemisch, Keres Variation	E25	1	500
Nimzo-Indian: 4.e3, Gligoric system with 7...dc	E54	1	501
Queen's gambit declined: Chigorin defense	D07	1	502
KGA: Bishop's gambit	C33	1	503
Caro-Kann: Classical, Spassky Variation	B19	1	504
Queen's gambit declined: Cambridge Springs defense, 7.cd	D52	0	505
KGA: Cunningham defense	C35	0	506
Giuoco Piano: Greco's attack	C54	0	507
Bishop's Opening: Classical Variation	C23	0	508
Gruenfeld: Russian, Smyslov Variation	D98	0	509
Queen's gambit declined: Tarrasch, Prague Variation , 9.Bg5	D34	0	510
Alekhine's defense: Modern, Keres Variation	B04	0	511
KGA: Kieseritsky, Neumann defense	C39	0	512
Caro-Kann: Advance, Short Variation	B12	0	513
Queen's gambit declined: Semi-Tarrasch, San Sebastian Variation	D41	0	514
KGA: Bishop's gambit, Bryan counter-gambit	C33	0	515
Gedult's Opening	A00	0	516
Pterodactyl defense	A42	0	517
Evans gambit: Mayet defense	C51	0	518
Ruy Lopez: Open, Tartakower Variation	C80	0	519
Robatsch defense: Two knights, Suttles Variation	B06	0	520
Philidor: Philidor counter-gambit, Zukertort Variation	C41	0	521
Ruy Lopez: Closed, Leonhardt Variation	C88	0	522
Sicilian: Dragon, Classical, Bernard defense	B74	0	523
French: Tarrasch, Eliskases Variation	C07	0	524
Gruenfeld with Bf4    e3	D93	0	525
Nimzo-Indian: 4.e3, Main line	E59	0	526
Sicilian: Dragon, Yugoslav attack	B75	0	527
Old Indian: Ukrainian Variation	A54	0	528
Giuoco Piano: LaBourdonnais Variation	C53	0	529
King's Indian: Orthodox, Donner Variation	E94	0	530
KGA: Kieseritsky, long whip defense, Jaenisch Variation	C39	0	531
Alekhine's defense: Four pawns attack, Planinc Variation	B03	0	532
Caro-Kann: Rasa-Studier gambit	B15	0	533
French: Classical, Anderssen Variation	C13	0	534
Queen's gambit declined: Semi-Tarrasch, Kmoch Variation	D41	0	535
Blumenfeld counter-gambit, Dus-Chotimursky Variation	E10	0	536
Queen's gambit declined: Orthodox defense, Bd3 line	D67	0	537
French: Steinitz, Gledhill attack	C11	0	538
Giuoco Piano: Mestel Variation	C53	0	539
Queen's gambit declined: Orthodox defense, Bd3 line	D66	0	540
Four knights: Symmetrical Variation	C49	0	541
Nimzo-Indian: Classical, Noa Variation , Main line	E36	0	542
Queen's pawn: Mengarini attack	E60	0	543
Queen's gambit declined: Tarrasch, von Hennig-Schara gambit	D32	0	544
QP counter-gambit (elephant gambit)	C40	0	545
QGA: Classical, Furman Variation	D26	0	546
French: Alapin Variation	C00	0	547
Modern defense: Averbakh system, Randspringer Variation	A42	0	548
King's Indian: Larsen Variation	E90	0	549
Nimzo-Indian: Three knights, Euwe Variation	E21	0	550
Gruenfeld: Opovcensky Variation	D94	0	551
Nimzo-Indian: e3, Huebner Variation	E41	0	552
Sicilian: Richter-Rauzer, Rauzer attack, 7...Be7 defense, 9...Nxd4	B65	0	553
Sicilian: Prins Variation , Venice attack	B55	0	554
French: Winawer, Alekhine gambit, Alatortsev Variation	C15	0	555
Doery defense	E10	0	556
Bishop's Opening: Calabrese counter-gambit	C23	0	557
Bishop's Opening: Calabrese counter-gambit, Jaenisch Variation	C23	0	558
Ruy Lopez: Bird's defense	C61	0	559
Ruy Lopez: Berlin defense, Zukertort Variation	C67	0	560
Neo-Gruenfeld, 6.cd Nxd5, 7.O-O	D74	0	561
Fried fox defense	B00	0	562
Sicilian: Dragon, 6.Be3	B72	0	563
Vienna: Hamppe-Muzio gambit	C25	0	564
Evans gambit: Goering attack	C51	0	565
Ruy Lopez: Open, Friess attack	C80	0	566
KGA: Philidor gambit, Schultz Variation	C38	0	567
Sicilian: Scheveningen, Classical, Nd7 system	B84	0	568
Dutch defense, Rubinstein Variation	A84	0	569
Queen's gambit declined: Semi-Slav: Accelerated Meran (Alekhine Variation )	D45	0	570
Ruy Lopez: Open, St. Petersburg Variation	C82	0	571
Ruy Lopez: Closed, center attack	C84	0	572
KGD: Falkbeer, Alapin Variation	C32	0	573
Nimzo-Indian: Saemisch, Romanovsky Variation	E25	0	574
KGA: Muzio gambit, From defense	C37	0	575
Queen's gambit declined: Slav: Exchange Variation	D12	0	576
Sicilian: Steinitz Variation	B20	0	577
Queen's gambit declined: Slav: Exchange Variation	D13	0	578
Benoni: Mikenas Variation	A66	0	579
Four knights: Bardeleben Variation	C48	0	580
Vienna gambit: Heyde Variation	C29	0	581
Evans gambit: Sokolsky Variation	C52	0	582
Robatsch defense: Rossolimo Variation	A41	0	583
Sicilian: Modern Scheveningen	B83	0	584
Ruy Lopez: Berlin defense, Kaufmann Variation	C65	0	585
Latvian counter-gambit	C40	0	586
KGA: Greco gambit	C38	0	587
Anti-Borg (Desprez) Opening	A00	0	588
Ruy Lopez: Open, Italian Variation	C82	0	589
English, Smyslov defense	A21	0	590
Sicilian: Dragon, Classical, Richter Variation	B73	0	591
Caro-Kann: Classical, Flohr Variation	B18	0	592
Sicilian: Keres Variation (2.Ne2)	B20	0	593
KGA: Lesser Bishop's (Petroff-Jaenisch-Tartakower) gambit	C33	0	594
Gruenfeld: Exchange, Seville Variation	D87	0	595
Budapest: Alekhine Variation , Balogh gambit	A52	0	596
Gruenfeld: Russian Variation with e4	D97	0	597
Ruy Lopez: Rabinovich Variation	C78	0	598
Dutch-Indian, Alekhine Variation	A90	0	599
Sicilian: Scheveningen, Classical Main line	B85	0	600
Budapest: Fajarowicz Variation	A51	0	601
Robatsch defense: Gurgenidze Variation	B06	0	602
Ruy Lopez: Steinitz defense deferred, Rubinstein Variation	C79	0	603
Ruy Lopez: Berlin defense, Mortimer Variation	C65	0	604
Queen's gambit declined: Neo-Orthodox Variation	D55	0	605
KP: Indian Opening	C20	0	606
KGD: Keene's defense	C30	0	607
Ruy Lopez: Berlin defense, Tarrasch trap	C66	0	608
Alekhine's defense: Krejcik Variation	B02	0	609
Queen's gambit declined: Semi-Slav: Meran	D48	0	610
Nimzo-Indian: Spielmann, Karlsbad Variation	E23	0	611
French: Classical, Rubinstein Variation	C14	0	612
KGD: Falkbeer, Keres Variation	C32	0	613
Queen's gambit declined: Semi-Slav: Meran, Pirc Variation	D48	0	614
Ruy Lopez: Closed, Chigorin, 12...c5d4	C99	0	615
center game: l'Hermet Variation	C22	0	616
Queen's gambit declined: Slav: Amsterdam Variation	D12	0	617
Queen's gambit declined: Capablanca anti-Cambridge Springs Variation	D51	0	618
King's Indian: Saemisch, Orthodox, 7.d5 c6	E88	0	619
Reti: King's Indian attack, Reti-Smyslov Variation	A05	0	620
Ruy Lopez: Open, Breslau Variation	C83	0	621
Colle system	D05	0	622
Scotch: Fraser attack	C45	0	623
QGA: Classical, Rubinstein Variation	D27	0	624
Ruy Lopez: Wing attack	C78	0	625
Queen's gambit declined: Orthodox defense, Capablanca Variation	D63	0	626
Sicilian: Katalimov Variation	B27	0	627
Giuoco Piano: Greco Variation	C54	0	628
Ruy Lopez: Closed, Lutikov Variation	C90	0	629
KGA: Pawn's gambit (Stamma gambit)	C33	0	630
Queen's gambit declined: Semi-Slav: Meran, Blumenfeld Variation	D49	0	631
Nimzo-Indian: Leningrad, ...b5 gambit	E30	0	632
Reti: Wade defense	A04	0	633
Blackmar-Diemer: Euwe defense	D00	0	634
Queen's gambit declined: Albin counter-gambit, 5.g3	D09	0	635
Two knights defense: Pincus Variation	C57	0	636
King's Indian: Four pawns attack, 6.Be2	E77	0	637
Latvian: Nimzovich Variation	C40	0	638
Danish gambit	C21	0	639
Benko gambit	A57	0	640
Benko gambit	A59	0	641
Sicilian: Closed, Smyslov Variation	B24	0	642
Queen's gambit declined: Semi-Slav: Stonewall defense	D45	0	643
Vienna: Pierce gambit	C25	0	644
Evans gambit declined, 5.a4	C51	0	645
Ruy Lopez: Closed, Suetin Variation	C90	0	646
Catalan: Closed, 7.Qc2	E08	0	647
French: MacCutcheon, Lasker Variation , 8...g6	C12	0	648
Sicilian: Scheveningen Variation	B80	0	649
Four knights: Rubinstein counter-gambit, Bogolyubov Variation	C48	0	650
English, Nimzovich, Flohr Variation	A20	0	651
Neo-Indian (Seirawan) attack	E00	0	652
French: Henneberger Variation	C11	0	653
Benko gambit: Nd2 Variation	A58	0	654
Two knights defense: Ulvestad Variation	C57	0	655
Nimzo-Indian: Classical, San Remo Variation	E37	0	656
Pirc: Holmov system	B07	0	657
Bishop's Opening: Lewis gambit	C23	0	658
Nimzo-Indian: Classical, Noa Variation , Main line, 7.Qc2	E37	0	659
Ruy Lopez: Open Berlin defense, 5...Be7	C67	0	660
Giuoco Piano: Tarrasch Variation	C53	0	661
Queen's gambit declined: Orthodox defense, Bd3 line, Janowski Variation	D67	0	662
Catalan: Closed, Main line	E09	0	663
KGA: Bonsch-Osmolovsky Variation	C34	0	664
Benko gambit half accepted	A57	0	665
French: Winawer, Alekhine gambit	C15	0	666
Budapest: Adler Variation	A52	0	667
Neo-Gruenfeld (Kemeri) defense	D70	0	668
Evans gambit: Stone-Ware Variation	C51	0	669
Doery defense	A46	0	670
Dutch, Spielmann gambit	A80	0	671
Ruy Lopez: Exchange, Alekhine Variation	C68	0	672
Ruy Lopez: Worrall attack, solid line	C86	0	673
French: Winawer, fingerslip Variation	C15	0	674
Sicilian: Dragon, Classical, 9.Nb3	B74	0	675
Queen's gambit declined: Vienna Variation	D30	0	676
center game: Kupr�)���k Variation	C22	0	677
Three knights: Schlechter Variation	C46	0	678
Giuoco Piano: close Variation	C53	0	679
King's Indian: Fianchetto, Simagin Variation	E62	0	680
Grob: Fritz gambit	A00	0	681
Four knights: Symmetrical, Metger unpin	C49	0	682
Sicilian: Accelerated Fianchetto, Exchange Variation	B34	0	683
French: Albin-Alekhine-Chatard attack, Breyer Variation	C13	0	684
Ruy Lopez: Old Steinitz defense	C62	0	685
French: Classical, Anderssen-Richter Variation	C13	0	686
Neo-Gruenfeld, 5.Nf3	D73	0	687
English: Nenarokov Variation	A28	0	688
Ruy Lopez: Open, Riga Variation	C80	0	689
Sicilian: Scheveningen, Classical, Maroczy system	B85	0	690
Sicilian: Dragon, Classical, Nottingham Variation	B72	0	691
KGA: Allgaier, Walker attack	C39	0	692
Sicilian: Nimzovich Variation	B32	0	693
Sicilian: Najdorf, 7...Qb6	B97	0	694
Damiano's defense	C40	0	695
Ruy Lopez: Open, Howell attack, Adam Variation	C81	0	696
Queen's gambit declined: Orthodox defense, Swiss, Karlsbad Variation	D63	0	697
Sicilian: Canal-Sokolsky attack, Sokolsky Variation	B52	0	698
Gruenfeld: Exchange, Sokolsky Variation	D89	0	699
KP: Napoleon's Opening	C20	0	700
Queen's gambit declined: Semi-Slav: Meran, Sozin Variation	D49	0	701
KP: Nimzovich defense, Wheeler gambit	B00	0	702
KGA: Gianutio counter-gambit	C34	0	703
KGA: Allgaier, Cook Variation	C39	0	704
Ruy Lopez: Closed, Borisenko defense	C96	0	705
Dutch: Leningrad, Main Variation with Nc6	A89	0	706
QGA: Classical, Geller Variation	D27	0	707
Queen's gambit declined: Semi-Slav: Romih Variation	D46	0	708
King's Indian: Saemisch, Orthodox, 7.Nge2 c6	E86	0	709
Barnes defense	B00	0	710
KGA: Fischer defense	C34	0	711
Nimzo-Indian: 4.e3, Gligoric system with 7...Nbd7	E53	0	712
Benko gambit: Zaitsev system	A57	0	713
Vienna gambit	C25	0	714
Sicilian: Kan, Gipslis Variation	B42	0	715
French: Winawer, Advance, positional Main line	C19	0	716
Alekhine's defense: Modern, Schmid Variation	B04	0	717
KGA: Bishop's gambit, Cozio (Morphy) defense	C33	0	718
Queen's gambit declined: Semi-Slav: Anti-Meran, Szabo Variation	D44	0	719
King's Indian: Saemisch, Orthodox, 7.d5	E87	0	720
English: Wimpey system	A13	0	721
French: Winawer, Alekhine (Maroczy) gambit	C15	0	722
KP: Mengarini's Opening	C20	0	723
KGD: Falkbeer, Tartakower Variation	C31	0	724
Queen's gambit declined: Slav: Soultanbeieff Variation	D16	0	725
KGD: Classical, Heath Variation	C30	0	726
Ruy Lopez: Closed, Breyer, Gligoric Variation	C95	0	727
KP: Colorado counter	B00	0	728
French: Winawer, Advance, poisoned pawn, Konstantinopolsky Variation	C19	0	729
Queen's gambit declined: Semi-Slav: Bogolyubov Variation	D46	0	730
Ruy Lopez: Modern Steinitz defense, Rubinstein Variation	C75	0	731
KGA: Hanstein gambit	C38	0	732
Benoni: Fianchetto, 11...Re8	A64	0	733
Latvian: corkscrew counter-gambit	C40	0	734
Bishop's Opening: Lisitsyn Variation	C23	0	735
Ponziani: Jaenisch counter-attack	C44	0	736
Petrov: Classical attack, Jaenisch Variation	C42	0	737
English: London defensive system	A12	0	738
Four knights: Marshall Variation	C48	0	739
Queen's gambit declined: Semi-Tarrasch, Krause Variation	D50	0	740
Vienna: Steinitz gambit, Fraser-Minckwitz Variation	C25	0	741
Queen's Indian defense: Averbakh Variation	E14	0	742
Nimzo-Indian: Leningrad Variation	E30	0	743
King's Indian: Orthodox, Aronin-Taimanov, 9.Ne1	E98	0	744
Dutch: Leningrad Variation	A86	0	745
Sicilian: Closed, 6.f4 e5 (Botvinnik)	B25	0	746
Sicilian: Flohr Variation	B32	0	747
Dresden Opening	C44	0	748
Nimzo-Indian: Classical, Noa Variation , 5.a3	E36	0	749
Vienna game	C28	0	750
Benko gambit: Main line	A59	0	751
Vienna game	C27	0	752
Vienna game	C26	0	753
Philidor: Nimzovich, Locock Variation	C41	0	754
Blackburne shilling gambit	C50	0	755
Benko's Opening: reversed Alekhine	A00	0	756
Rousseau gambit	C50	0	757
Canard Opening	A45	0	758
Blackmar-Diemer: Lemberg counter-gambit	D00	0	759
Nimzo-Indian: 4.e3, Main line with 8...Bxc3	E58	0	760
Queen's gambit declined: 6.Nf3	D55	0	761
Ruy Lopez: Open Berlin defense, Showalter Variation	C67	0	762
Queen's Indian defense: 4.Nc3, Botvinnik Variation	E12	0	763
Queen's gambit declined: Alekhine Variation	D51	0	764
Pirc: Austrian attack, 6.Bd3	B09	0	765
Alekhine's defense: Maroczy Variation	B02	0	766
Sicilian, Szen Variation , Dely-Kasparov gambit	B44	0	767
Sicilian: Scheveningen, Classical	B85	0	768
Queen's gambit declined: Slav: Landau Variation	D12	0	769
center game: Berger Variation	C22	0	770
Vienna: Adams' gambit	C27	0	771
Ruy Lopez: Exchange, Romanovsky Variation	C68	0	772
Four knights: Symmetrical, Pillsbury Variation	C49	0	773
Ruy Lopez: Bird's defense deferred	C70	0	774
Scotch: Horwitz attack	C45	0	775
Bishop's Opening: Four pawns' gambit	C23	0	776
KGA: Kieseritsky, Brentano (Campbell) defense	C39	0	777
English: Caro-Kann defensive system, Bogolyubov Variation	A12	0	778
Pirc: Austrian attack	B09	0	779
Benoni: Classical, 9.O-O	A73	0	780
Grob's attack	A00	0	781
Sicilian: Dragon, Classical, Spielmann Variation	B74	0	782
Giuoco Piano: Aitken Variation	C54	0	783
Modern defense: Averbakh system, Kotov Variation	A42	0	784
Nimzovich-Larsen attack: Dutch Variation	A01	0	785
QGA, Smyslov Variation	D25	0	786
Queen's gambit declined: Lasker defense	D56	0	787
Scotch gambit: Cochrane-Shumov defense	C44	0	788
Gruenfeld: 5.e3	D94	0	789
Ruy Lopez: Open, Schlechter defense	C80	0	790
Gruenfeld: Russian, Prins Variation	D97	0	791
Caro-Kann: Gurgenidze counter-attack	B15	0	792
Sicilian: Richter-Rauzer, Rauzer attack, 7...Be7	B63	0	793
Paleface attack	A45	0	794
Petrov: Cochrane gambit	C42	0	795
Caro-Kann: Edinburgh Variation	B12	0	796
Scandinavian gambit	B01	0	797
Nimzo-Indian: 4.e3, Bronstein (Byrne) Variation	E45	0	798
KGD: Nimzovich counter-gambit	C31	0	799
Petrov: Classical attack, Berger Variation	C42	0	800
English: Mikenas-Carls, Kevitz Variation	A18	0	801
Inverted Hanham	C44	0	802
Ruy Lopez: Open, Dilworth Variation	C82	0	803
Three knights: Steinitz, Rosenthal Variation	C46	0	804
Ruy Lopez: Open, Howell attack	C81	0	805
Neo-Gruenfeld, 6.O-O, Main line	D79	0	806
Dutch: Stonewall: Chekhover Variation	A95	0	807
Nimzovich-Larsen attack: Polish Variation	A01	0	808
Queen's gambit declined: Orthodox defense, Bd3 line, Capablanca freeing manoevre	D67	0	809
English: Closed system	A25	0	810
Catalan: Open, Alekhine Variation	E03	0	811
English: Closed system	A26	0	812
KGA: Abbazia defense (Classical defense, Modern defense!)	C36	0	813
Queen's gambit declined: Slav: Semmering Variation	D30	0	814
King's Indian: Six pawns attack	E77	0	815
Ruy Lopez: Open, Malkin Variation	C83	0	816
Ruy Lopez: Closed, Pilnik Variation	C90	0	817
King's Indian: Zinnowitz Variation	E90	0	818
English: Closed, 5.Rb1	A25	0	819
King's Indian: Petrosian system, Stein Variation	E92	0	820
Four knights: Gunsberg counter-attack	C49	0	821
Ruy Lopez: Modern Steinitz defense, Three knights Variation	C71	0	822
King's Indian: Saemisch, Byrne Variation	E81	0	823
Ruy Lopez: Closed (with ...d6)	C90	0	824
Scotch gambit	C44	0	825
Caro-Kann: Forgacs Variation	B15	0	826
Scotch: Steinitz Variation	C45	0	827
Alekhine's defense: Exchange, Karpov Variation	B03	0	828
English: Symmetrical, Benoni formation	A31	0	829
English: Queens Indian formation	A17	0	830
Queen's gambit declined: Manhattan Variation	D51	0	831
Gruenfeld: Exchange, Larsen Variation	D86	0	832
Evans gambit: compromised defense, Potter Variation	C52	0	833
St. George defense	C00	0	834
Evans gambit: Sanders-Alapin Variation	C52	0	835
Queen's gambit declined: Albin counter-gambit	D08	0	836
Sicilian: wing gambit, Marshall Variation	B20	0	837
Old Benoni: Mujannah formation	A43	0	838
Sicilian: Dragon, Levenfish Variation	B71	0	839
Nimzo-Indian: Classical, Botvinnik Variation	E36	0	840
Old Benoni: Schmid's system	A43	0	841
Sicilian: Richter-Rauzer, Richter attack	B62	0	842
Nimzovich-Larsen attack: English Variation	A01	0	843
Scotch: Goering gambit	C44	0	844
Queen's gambit declined: Semi-Slav: Meran, Rabinovich Variation	D49	0	845
English: Symmetrical, hedgehog system	A30	0	846
Alekhine's defense: Modern, Fianchetto Variation	B04	0	847
Ruy Lopez: Graz Variation	C70	0	848
Philidor: Nimzovich, Larobok Variation	C41	0	849
KGA: Muzio gambit, Kling and Horwitz counter-attack	C37	0	850
French: Rubinstein, Capablanca line	C10	0	851
KGA: Cunningham, Bertin gambit	C35	0	852
Two knights defense: Canal Variation	C56	0	853
Old Indian: Janowski Variation	A53	0	854
French: Classical, Frankfurt Variation	C13	0	855
Queen's pawn game, Chigorin Variation	D02	0	856
Vienna: Fyfe gambit	C25	0	857
King's Indian: Orthodox, 7...Nbd7, 8.Re1	E95	0	858
Queen's gambit declined: Albin counter-gambit, Alapin Variation	D08	0	859
Pirc: Byrne Variation	B07	0	860
KGA: Blachly gambit	C37	0	861
Ruy Lopez: Wormald attack, Gruenfeld Variation	C77	0	862
Alekhine's defense: Modern, Alekhine Variation	B05	0	863
Two knights defense: Colman Variation	C58	0	864
Old Benoni defense	A43	0	865
Caro-Kann: Hillbilly attack	B10	0	866
Queen's gambit declined: Slav: Exchange, Trifunovic Variation	D14	0	867
Robatsch defense: Three pawns attack	B06	0	868
Old Benoni defense	A44	0	869
Queen's gambit declined: Orthodox defense, Rubinstein attack (with Rc1)	D64	0	870
Queen's Indian defense: Opovcensky Variation	E17	0	871
Philidor: Nimzovich, Rellstab Variation	C41	0	872
Two knights defense: Blackburne Variation	C58	0	873
KGA: Lolli gambit, Young Variation	C37	0	874
Queen's Indian defense: Anti-Queen's Indian system	E17	0	875
KGA: Allgaier, Horny defense	C39	0	876
Giuoco piano: Rosentreter Variation	C55	0	877
Ruy Lopez: Schliemann defense deferred	C70	0	878
French: Advance, Steinitz Variation	C02	0	879
King's Indian: Saemisch, Panno formation	E83	0	880
Two knights defense: Knorre Variation	C59	0	881
Giuoco Piano: Cracow Variation	C54	0	882
Scotch: Sea-cadet mate	C44	0	883
Nimzo-Indian: Classical, Milner-Barry (Zurich) Variation	E33	0	884
Ruy Lopez: Old Steinitz defense, Semi-Duras Variation	C62	0	885
Nimzo-Indian: Mikenas attack	E20	0	886
Giuoco Pianissimo: Canal Variation	C50	0	887
Sicilian: Stiletto (Althouse) Variation	B27	0	888
Sicilian: Venice attack	B56	0	889
French: Tarrasch, Haberditz Variation	C03	0	890
Queen's gambit declined: Albin counter-gambit, Lasker trap	D08	0	891
KGA: Muzio gambit, Holloway defense	C37	0	892
French: Winawer, Advance, Rauzer Variation	C17	0	893
Gruenfeld: Russian, Alekhine (Hungarian) Variation	D97	0	894
Petrov: Modern attack, Steinitz Variation	C43	0	895
Ruy Lopez: Closed, Keres (...Nd7) defense	C96	0	896
Sicilian: wing gambit, Santasiere Variation	B20	0	897
French: Reversed Philidor formation	C00	0	898
Ruy Lopez: Exchange, Gligoric Variation	C69	0	899
Ponziani counter-gambit	C44	0	900
Ruy Lopez: Open (Tarrasch) defense	C80	0	901
Dutch: Staunton gambit	A82	0	902
Queen's gambit declined: Slav: Suechting Variation	D15	0	903
Caro-Kann: Panov-Botvinnik attack, 5...e6	B14	0	904
King's Indian: Anti-Gruenfeld	E60	0	905
Budapest: Alekhine, Abonyi Variation	A52	0	906
KGA: double Muzio gambit	C37	0	907
Giuoco Piano: Moeller, bayonet attack	C54	0	908
Ruy Lopez: Open, Berlin Variation	C82	0	909
French: MacCutcheon Variation	C12	0	910
KGD: Falkbeer, Tarrasch Variation	C32	0	911
Giuoco Piano: Anderssen Variation	C53	0	912
Queen's gambit declined: Slav: Slav gambit	D15	0	913
Catalan: Closed, Qc2 & b3	E08	0	914
Ruy Lopez: Steinitz defense deferred, Lipnitsky Variation	C79	0	915
Vienna gambit, Steinitz Variation	C29	0	916
Owen defense	B00	0	917
Sicilian: Scheveningen, Fianchetto Variation	B80	0	918
Benoni: Classical, 11.f3	A79	0	919
French: Labourdonnais Variation	C00	0	920
Nimzo-Indian: Romanishin-Kasparov (Steiner) system	E20	0	921
English: Sicilian Reversed	A25	0	922
Four knights: Schultze-Mueller gambit	C46	0	923
Scandinavian defense, Gruenfeld Variation	B01	0	924
Pirc: Classical system, 5.Be2	B08	0	925
Alekhine's defense: Four pawns attack, Fianchetto Variation	B03	0	926
Caro-Kann: Panov-Botvinnik, Reifir (Spielmann) Variation	B13	0	927
Sicilian: Andreaschek gambit	B21	0	928
QGA: Classical, Flohr Variation	D28	0	929
Reti: Pirc-Lisitsin gambit	A04	0	930
Ruy Lopez: Modern Steinitz defense, siesta Variation	C74	0	931
Nimzo-Indian: 4.e3, Ragozin Variation	E51	0	932
Ruy Lopez: Open, 6.d4	C80	0	933
Ruy Lopez: Closed, Breyer defense	C94	0	934
Queen's gambit declined: Orthodox defense	D60	0	935
Queen's Indian defense: Buerger Variation	E15	0	936
Philidor: Exchange Variation	C41	0	937
KGA: Bishop's gambit, Gifford Variation	C33	0	938
King's Indian with e4 & g3	E72	0	939
Alekhine's defense: Modern, Panov Variation	B05	0	940
Vienna: Hamppe-Muzio, Dubois Variation	C25	0	941
Scotch gambit: Hanneken Variation	C44	0	942
Queen's Indian defense: Euwe Variation	E17	0	943
English: Anglo-Gruenfeld, Czech defense	A16	0	944
Queen's gambit declined: Tartakower (Makagonov-Bondarevsky) system	D58	0	945
Alekhine's defense: Four pawns attack, Ilyin-Genevsky var.	B03	0	946
Gruenfeld: Exchange, Simagin's lesser Variation	D86	0	947
Ruy Lopez: Brentano defense	C60	0	948
Ruy Lopez: Lucena defense	C60	0	949
Queen's gambit declined: Grau (Sahovic) defense	D06	0	950
Ruy Lopez: Steinitz defense deferred, Boleslavsky Variation	C79	0	951
Sicilian: Scheveningen, English Variation	B80	0	952
Queen's gambit declined: Orthodox defense	D63	0	953
Queen's gambit declined: Cambridge Springs defense, Rubinstein Variation	D52	0	954
Queen's gambit declined: Exchange, chameleon Variation	D35	0	955
Crab Opening	A00	0	956
Benoni: Classical, 9...a6, 10.a4	A74	0	957
Pirc: bayonet (Mariotti) attack	B07	0	958
Sicilian: Dragon, Classical, Reti-Tartakower Variation	B74	0	959
Queen's gambit declined: Orthodox defense, Rubinstein attack, Gruenfeld Variation	D64	0	960
Nimzo-Indian: Saemisch, Main line	E29	0	961
Queen's gambit declined: Semi-Slav: Ekstrom Variation	D44	0	962
Sicilian: Grand Prix attack	B23	0	963
Philidor's defense	C41	0	964
KGA: Rosentreter gambit	C37	0	965
Ruy Lopez: Open Berlin defense, l'Hermet Variation	C67	0	966
Sicilian: Kan, Maroczy bind - Bronstein Variation	B41	0	967
Sicilian: Grand Prix attack	B21	0	968
Gruenfeld: Botvinnik Variation	D95	0	969
Philidor: Hanham, Berger Variation	C41	0	970
Sicilian: wing gambit, Marienbad Variation	B20	0	971
Dutch: Classical Variation	A96	0	972
Gruenfeld: 5.Bf4	D92	0	973
Queen's gambit declined: Harrwitz attack	D35	0	974
Queen's gambit declined: Tarrasch, Wagner Variation	D33	0	975
Scotch: Lolli Variation	C44	0	976
Scotch gambit: Vitzhum attack	C44	0	977
Bird: From gambit, Lasker Variation	A02	0	978
Gruenfeld: Makogonov Variation	D94	0	979
KGA: Bishop's gambit, Bogolyubov Variation	C33	0	980
KGA: Philidor gambit	C38	0	981
Bird: From gambit	A02	0	982
Bishop's Opening: Philidor Variation	C23	0	983
Benoni: Four pawns attack	A68	0	984
Four knights: Alatortsev Variation	C49	0	985
Nimzo-Indian: Saemisch, Capablanca Variation	E29	0	986
English: Adorjan defense	A10	0	987
Queen's gambit declined: Orthodox defense, Bd3 line, Alekhine Variation	D67	0	988
Queen's gambit declined: Cambridge Springs defense, Yugoslav Variation	D52	0	989
French: Winawer, Advance, Smyslov Variation	C19	0	990
Vulture defense	A56	0	991
Giuoco Piano: Eisinger Variation	C53	0	992
Ruy Lopez: Closed, Breyer, Borisenko Variation	C95	0	993
Queen's gambit declined: Orthodox defense, 7.Rc1	D63	0	994
KGA: Becker defense	C34	0	995
Ruy Lopez: Closed Berlin defense, Showalter Variation	C66	0	996
Queen's gambit declined: Semi-Tarrasch, Symmetrical Variation	D40	0	997
Polish: Tuebingen Variation	A00	0	998
KGA: Bishop's gambit, Lopez-Gianutio counter-gambit	C33	0	999
Ponziani: Steinitz Variation	C44	0	1000
Scandinavian: Marshall Variation	B01	0	1001
Evans gambit: Ulvestad Variation	C51	0	1002
Sicilian: Najdorf, Poisoned pawn Variation	B97	0	1003
Pirc: 150 attack	B07	0	1004
Ruy Lopez: Open, Motzko attack	C82	0	1005
Philidor: Hanham, Schlechter Variation	C41	0	1006
Queen's gambit declined: Capablanca-Duras Variation	D30	0	1007
Novosibirsk Opening	A00	0	1008
Scandinavian: Anderssen counter-attack	B01	0	1009
French defense, Steiner Variation	C00	0	1010
Reti: King's Indian attack, French Variation	A08	0	1011
KGA: Kieseritsky, Rice gambit	C39	0	1012
Philidor: Steinitz Variation	C41	0	1013
English: Jaenisch gambit	A10	0	1014
Four knights: Janowski Variation	C49	0	1015
Two knights: Max Lange attack, Schlechter Variation	C55	0	1016
Ruy Lopez: Closed, Smyslov defense	C93	0	1017
Old Indian: Ukrainian Variation , 4.Nf3	A54	0	1018
Sicilian: Boleslavsky, Louma Variation	B58	0	1019
Richter-Veresov attack	D01	0	1020
Philidor: Philidor counter-gambit	C41	0	1021
Torre attack (Tartakower Variation )	D03	0	1022
Queen's gambit declined: Lasker defense, Main line	D57	0	1023
Queen's pawn: Charlick (Englund) gambit	A40	0	1024
Four knights: Rubinstein counter-gambit, 5.Be2	C48	0	1025
Petrov: Classical attack, Tarrasch Variation	C42	0	1026
Evans gambit: Waller attack	C52	0	1027
Petrov: Modern attack, Bardeleben Variation	C43	0	1028
Ruy Lopez: Classical defense, Benelux Variation 	C64	0	1029
Ruy Lopez: Treybal (Bayreuth) Variation (Exchange var. deferred)	C77	0	1030
French: Advance, Nimzovich system	C02	0	1031
French: Classical, Tartakower Variation	C13	0	1032
KGA: Kieseritsky, Salvio (Rosenthal) defense	C39	0	1033
Beefeater defense	A40	0	1034
Ruy Lopez: Open, Tarrasch trap	C83	0	1035
Scandinavian: Richter Variation	B01	0	1036
KGD: Classical, SOldatenkov Variation	C30	0	1037
KP: King's head Opening	C20	0	1038
KGA: King's knight's gambit	C37	0	1039
Evans gambit: Lasker defense	C52	0	1040
Vienna: Hamppe-Allgaier gambit, Alapin Variation	C25	0	1041
Queen's gambit declined: Lasker defense, Russian Variation	D56	0	1042
Sicilian: Modern Scheveningen, Main line	B83	0	1043
Ruy Lopez: Marshall, Herman Steiner Variation	C89	0	1044
English: Torre defensive system	A12	0	1045
Two knights: Max Lange attack, Loman defense	C55	0	1046
Ruy Lopez: Closed, 9.h3	C92	0	1047
Ruy Lopez: Closed, 7...d6, 8.d4	C88	0	1048
English: Queens Indian, Romanishin Variation	A17	0	1049
Dutch: Balogh defense	A82	0	1050
English: Symmetrical, Geller Variation	A33	0	1051
KGD: Falkbeer, 4.d3	C31	0	1052
Ruy Lopez: Berlin defense, Beverwijk Variation	C65	0	1053
Mieses Opening	A00	0	1054
Ruy Lopez: Closed, Flohr-Zaitsev system (Lenzerheide Variation )	C92	0	1055
KGA: Kieseritsky, long whip (Stockwhip, Classical) defense	C39	0	1056
Philidor: Nimzovich, Sozin Variation	C41	0	1057
French: Winawer, Advance, poisoned pawn, Euwe-Gligoric Variation	C19	0	1058
Fred	B00	0	1059
Philidor: Hanham Variation	C41	0	1060
KGA: Cochrane gambit	C37	0	1061
Philidor: Hanham, Kmoch Variation	C41	0	1062
KGA: Allgaier, Schlechter defense	C39	0	1063
King's Indian: Fianchetto, Kavalek (Bronstein) Variation	E62	0	1064
Queen's gambit declined: Orthodox defense, Botvinnik Variation	D60	0	1065
Scotch: Pulling counter-attack	C45	0	1066
Ruy Lopez: Exchange, Bronstein Variation	C69	0	1067
Queen's gambit declined: Semi-Slav, Abrahams Variation	D31	0	1068
Queen's gambit declined: Albin counter-gambit, Balogh Variation	D08	0	1069
Inverted Hungarian	C44	0	1070
French: MacCutcheon, Tartakower Variation	C12	0	1071
KGA: Bishop's gambit, Classical defense, Cozio attack	C33	0	1072
Bishop's Opening: Greco gambit	C24	0	1073
Four knights: Ranken Variation	C48	0	1074
Scotch gambit: Cochrane Variation	C44	0	1075
French: Albin-Alekhine-Chatard attack, Spielmann Variation	C13	0	1076
Sicilian: Grand Prix attack, Schofman Variation	B23	0	1077
English orang-utan	A15	0	1078
Dutch defense, Alekhine Variation	A92	0	1079
Catalan: Open, Classical line	E05	0	1080
Nimzovich-Larsen attack: Classical Variation	A01	0	1081
KGD: Falkbeer, 3...e4	C31	0	1082
Benoni: Classical, 8.Bg5	A71	0	1083
Queen's gambit declined: Semi-Slav: Meran, 8...a6	D48	0	1084
KGA: Kieseritsky, Salvio defense, Cozio Variation	C39	0	1085
Venezolana Opening	A00	0	1086
Sicilian: Najdorf Variation	B98	0	1087
Alekhine's defense: Modern, Vitolins attack	B05	0	1088
Blumenfeld counter-gambit accepted	E10	0	1089
Sicilian: Najdorf, Polugayevsky Variation	B96	0	1090
English: Carls' Bremen system	A22	0	1091
French: Wing gambit	C00	0	1092
Lengfellner system	C00	0	1093
QGA, 4.Nc3	D24	0	1094
Sicilian: Richter-Rauzer, Larsen Variation , 7.Qd2	B61	0	1095
Philidor: Nimzovich (Jaen�3��� Variation	C41	0	1096
Benoni: Classical with ...a6 and 10...Bg4	A75	0	1097
Nimzo-Indian: 4.e3, Gligoric system, Smyslov Variation	E54	0	1098
Sicilian: Dragon, Levenfish; Flohr Variation	B71	0	1099
Gedult attack	A45	0	1100
Reti: Lisitsin gambit deferred	A04	0	1101
Budapest: Rubinstein Variation	A52	0	1102
KGD: Falkbeer, Reti Variation	C32	0	1103
Grob: Spike attack	A00	0	1104
Queen's gambit declined: Semi-Slav, Junge Variation	D31	0	1105
Ruy Lopez: Open, Harksen gambit	C80	0	1106
Queen's gambit declined: Tarrasch, Schlechter-Rubinstein system, Rey Ardid Variation	D33	0	1107
Scandinavian: Anderssen counter-attack, Collijn Variation	B01	0	1108
French: Winawer, Petrosian Variation	C16	0	1109
Queen's pawn: Torre attack, Wagner gambit	A46	0	1110
Giuoco Piano: center-hOlding Variation	C53	0	1111
Caro-Kann: Closed (Breyer) Variation	B10	0	1112
Sicilian: Closed, 6.f4	B25	0	1113
French: Advance, Milner-Barry gambit	C02	0	1114
French: Classical Variation	C14	0	1115
Petrov: Classical attack, Krause Variation	C42	0	1116
Queen's gambit declined: Spielmann Variation	D30	0	1117
Sicilian: Dragon, Yugoslav attack, 10.O-O-O	B78	0	1118
Evans gambit: Fraser attack	C51	0	1119
Modern defense	A41	0	1120
KP: Nimzovich defense	B00	0	1121
Sicilian: Smith-Morra gambit, Chicago defense	B21	0	1122
Sicilian: Sozin, not Scheveningen	B57	0	1123
Two knights defense: Paoli Variation	C58	0	1124
Gruenfeld: Spassky Variation , Main line, 10...cd, 11.cd	D88	0	1125
Caro-Kann: Classical, Maroczy attack	B18	0	1126
KGA: Kieseritsky, Brentano defense, Kaplanek Variation	C39	0	1127
Ruy Lopez: Cozio defense, Paulsen Variation	C60	0	1128
Reti accepted: Keres Variation	A09	0	1129
English: Botvinnik system	A26	0	1130
French: Classical, Stahlberg Variation	C14	0	1131
Queen's gambit declined: Slav: Wiesbaden Variation	D17	0	1132
Queen's gambit declined: Rochlin Variation	D51	0	1133
Alekhine's defense: Modern, Flohr Variation	B05	0	1134
KGA: Kieseritsky, Brentano defense	C39	0	1135
Caro-Kann: Panov-Botvinnik, normal Variation	B13	0	1136
Queen's gambit declined: Semi-Tarrasch	D50	0	1137
Scotch: Ghulam Kassim Variation	C45	0	1138
Ponziani counter-gambit, Schmidt attack	C44	0	1139
Semi-Benoni (`blockade Variation ')	A44	0	1140
Dutch: Staunton gambit, Nimzovich Variation	A83	0	1141
Ruy Lopez: Closed Berlin defense, Chigorin Variation	C66	0	1142
KGA: Bishop's gambit, Anderssen Variation	C33	0	1143
Sicilian: Najdorf, 7...Be7	B98	0	1144
Bishop's Opening: Urusov gambit, Panov Variation	C24	0	1145
Vienna: Alekhine Variation	C27	0	1146
French: Albin-Alekhine-Chatard attack, Teichmann Variation	C13	0	1147
Dutch: Ilyin-Genevsky Variation with Qc2	A98	0	1148
King's Indian: Saemisch, Orthodox Variation	E85	0	1149
Dutch: Leningrad, Basman system	A81	0	1150
KGA: Soerensen gambit	C37	0	1151
English, Troeger defense	A21	0	1152
Alekhine's defense: Four pawns attack, 6...Nc6	B03	0	1153
King's Indian: Petrosian system	E92	0	1154
Two knights defense: Fritz, Gruber Variation	C57	0	1155
Guatemala defense	B00	0	1156
Queen's gambit declined: Tartakower (Makagonov-Bondarevsky) system, 8.cd Nxd5	D59	0	1157
Nimzo-Indian: 4.e3, Main line with ...c5	E53	0	1158
Queen's gambit declined: Orthodox defense, Classical, 13.de	D69	0	1159
Neo-Gruenfeld, 6.cd Nxd5, 7.O-O Nb6	D76	0	1160
Ruy Lopez: Modern Steinitz defense, Fianchetto (Bronstein) Variation	C76	0	1161
French: Tarrasch, Leningrad Variation	C06	0	1162
Queen's gambit declined: Orthodox defense, Classical, 13.d1c2 (Vidmar)	D68	0	1163
English: Closed, 5.Rb1 Taimanov Variation	A25	0	1164
Caro-Kann: Steinitz Variation	B17	0	1165
Neo-Gruenfeld, 6.O-O	D77	0	1166
KGA: Kieseritsky, Berlin defense, 6.Bc4	C39	0	1167
Queen's gambit declined: Semi-Slav: Rubinstein (anti-Meran) system	D45	0	1168
Sicilian: Dragon, Classical attack	B72	0	1169
Three knights: Winawer defense (Gothic defense)	C46	0	1170
Dutch defense	A84	0	1171
Evans gambit: compromised defense	C52	0	1172
Dutch defense	A81	0	1173
Ruy Lopez: Modern Steinitz defense, Alapin Variation	C73	0	1174
Ruy Lopez: Wormald (Alapin) attack	C77	0	1175
Sicilian: Sozin, Benko Variation	B57	0	1176
KGA: Bishop's gambit, Classical defense	C33	0	1177
Ruy Lopez: Berlin defense, Pillsbury Variation	C67	0	1178
Gruenfeld: Smyslov defense	D94	0	1179
French: MacCutcheon, Chigorin Variation	C12	0	1180
Sicilian: Closed, 6.Ne2 e5 (Botvinnik)	B25	0	1181
Queen's gambit declined: Been-Koomen Variation	D50	0	1182
Ruy Lopez: Berlin defense, hedgehog Variation	C66	0	1183
Dutch defense	A92	0	1184
Dutch defense	A91	0	1185
Modern defense: Averbakh system	A42	0	1186
Catalan: Closed, Sokolsky Variation	E09	0	1187
Queen's gambit declined: Slav defense, Alekhine Variation	D10	0	1188
Sicilian: Scheveningen, Vitolins Variation	B80	0	1189
King's Indian: Orthodox, 7...Nbd7, Main line	E96	0	1190
Alapin's Opening	C20	0	1191
Dutch: Ilyin-Genevsky Variation	A97	0	1192
Sicilian: Richter-Rauzer, Rauzer attack, 7...a6 defense, 11.Bxf6	B69	0	1193
Ruy Lopez: Berlin defense, Cordel Variation	C67	0	1194
Caro-Kann: Panov-Botvinnik, Czerniak Variation	B13	0	1195
Queen's gambit declined: Slav: 5.e3 (Alekhine Variation )	D15	0	1196
Queen's gambit declined: Albin counter-gambit, Janowski Variation	D08	0	1197
Alekhine's defense: Welling Variation	B02	0	1198
Queen's gambit declined: Chigorin defense, Janowski Variation	D07	0	1199
QGA: Alekhine defense, Borisenko-Furman Variation	D21	0	1200
Nimzo-Indian: 4.e3, Gligoric system, Bronstein Variation	E55	0	1201
Pirc: Classical, h3 system	B08	0	1202
KGA: Bishop's gambit, Grimm attack	C33	0	1203
Queen's gambit declined: 5...c6	D51	0	1204
Gruenfeld with e3    Bd3	D94	0	1205
King's Indian: Orthodox, Aronin-Taimanov Variation (Yugoslav attack / Mar del Plata Variation )	E97	0	1206
Neo-Gruenfeld, 5.cd	D71	0	1207
Scandinavian defense	B01	0	1208
Petrov: Classical attack, Maroczy Variation	C42	0	1209
Queen's gambit declined: Semi-Tarrasch defense, Pillsbury Variation	D40	0	1210
Nimzo-Indian: Simagin Variation	E46	0	1211
Sicilian: Sozin, Fischer Variation	B88	0	1212
KGA: Keres (Mason-Steinitz) gambit	C33	0	1213
Nimzo-Indian: Three knights, Korchnoi Variation	E21	0	1214
English: Bremen system, Keres Variation	A23	0	1215
KP: Patzer Opening	C20	0	1216
Caro-Kann: Bronstein-Larsen Variation	B16	0	1217
Queen's Indian defense: Old Main line, 9.Qxc3	E19	0	1218
Nimzo-Indian: 4.e3, Taimanov Variation	E40	0	1219
Pirc: Chinese Variation	B07	0	1220
English: Kurajica defense	A13	0	1221
Benoni: Classical with e4 and Nf3	A70	0	1222
Sicilian: Magnus Smith trap	B57	0	1223
Queen's gambit declined: Semi-Slav: neo-Meran (Lundin Variation )	D47	0	1224
Ruy Lopez: Closed, Balla Variation	C88	0	1225
Ruy Lopez: Marshall, Main line, Spassky Variation	C89	0	1226
Sicilian: Najdorf, 7...Be7 Main line	B99	0	1227
KGD: Classical, Reti Variation	C30	0	1228
Alekhine's defense: Scandinavian Variation	B02	0	1229
King's knight's gambit	C39	0	1230
Sicilian: Dragon Variation	B70	0	1231
King's knight's gambit	C38	0	1232
King's knight's gambit	C34	0	1233
Giuoco Piano	C54	0	1234
Four knights	C49	0	1235
English: Bremen system with ...g6	A24	0	1236
Sicilian: Dragon, Yugoslav attack, Rauser Variation	B76	0	1237
Latvian: Behting Variation	C40	0	1238
KP: Nimzovich defense, Bogolyubov Variation	B00	0	1239
Alekhine's defense: Two pawns' attack, Mikenas Variation	B02	0	1240
Four knights: Symmetrical, Tarrasch Variation	C49	0	1241
Pirc: Austrian attack, 6.e5	B09	0	1242
Blackmar-Diemer gambit	A45	0	1243
Alekhine's defense: Mokele Mbembe (Buecker) Variation	B02	0	1244
English: Bellon gambit	A22	0	1245
Queen's gambit declined: Alapin Variation	D31	0	1246
French: Frere (Becker) Variation	C10	0	1247
Dutch defense: Dutch-Indian (Nimzo-Dutch) Variation	A90	0	1248
Sicilian: Closed	B25	0	1249
Dutch with c4 & g3	A86	0	1250
Scotch: Goering gambit, Bardeleben Variation	C44	0	1251
Queen's gambit declined: Lasker defense, Teichmann Variation	D56	0	1252
Queen's gambit declined: Tarrasch, Bogolyubov Variation	D34	0	1253
Gruenfeld: Lundin Variation	D80	0	1254
Boden-Kieseritsky gambit: Lichtenhein defense	C27	0	1255
KGA: Cunningham, Euwe defense	C35	0	1256
Queen's gambit declined: Cambridge Springs defense, Argentine Variation	D52	0	1257
Ruy Lopez: Alapin's defense deferred	C70	0	1258
Konstantinopolsky Opening	C44	0	1259
Evans gambit: Tartakower attack	C52	0	1260
Queen's gambit declined: Semi-Tarrasch, Levenfish Variation	D40	0	1261
Philidor: Hanham, Steiner Variation	C41	0	1262
King's Indian: Gligoric-Taimanov system	E92	0	1263
Richter-Veresov attack, Richter Variation	D01	0	1264
Caro-Kann: Panov-Botvinnik, Gunderam attack	B13	0	1265
QGA, Flohr Variation	D25	0	1266
Neo-Gruenfeld, 6.cd Nxd5, 7.O-O c5, 8.dc	D75	0	1267
Queen's gambit declined: Neo-Orthodox Variation , 7.Bh4	D55	0	1268
Nimzo-Indian: 4.e3 e8g8, 5.Nf3 d7d5	E51	0	1269
Ruy Lopez: Open, 9...Be7, 10.Re1	C83	0	1270
Queen's gambit declined: Orthodox defense, Rubinstein attack, Wolf Variation	D64	0	1271
English: Closed, Taimanov Variation	A25	0	1272
Queen's pawn: English defense	A40	0	1273
Gruenfeld: Russian Variation	D96	0	1274
French: Classical, Alapin Variation	C14	0	1275
Bishop's Opening: Wing gambit	C23	0	1276
de Bruycker defense	B12	0	1277
Sicilian: Marshall Variation	B40	0	1278
French: Winawer, Alekhine gambit, Kan Variation	C15	0	1279
Scandinavian: Anderssen counter-attack Orthodox attack	B01	0	1280
Reti: Advance Variation	A09	0	1281
Bishop's Opening: Lopez gambit	C23	0	1282
Tayler Opening	C44	0	1283
Queen's gambit declined: Semi-Slav, Noteboom Variation	D31	0	1284
Petrov: Urusov gambit	C43	0	1285
King's Indian: Saemisch, Panno Main line	E84	0	1286
Catalan: Open, 5.Qa4	E02	0	1287
Benoni: Uhlmann Variation	A61	0	1288
King's Indian: Accelerated Averbakh system	E70	0	1289
KGA: Cunningham, Three pawns gambit	C35	0	1290
Gruenfeld: Russian, Keres Variation	D98	0	1291
KGA: Schallop defense	C34	0	1292
Pirc: Austrian attack, Ljubojevic Variation	B09	0	1293
Danish gambit: Collijn defense	C21	0	1294
Dunst (Sleipner, Heinrichsen) Opening	A00	0	1295
English: Bled Variation	A12	0	1296
King's Indian: Saemisch, Orthodox Main line	E89	0	1297
KGA: Quaade gambit	C37	0	1298
Polish defense	A40	0	1299
Two knights defense: Fegatello attack, Leonhardt Variation	C57	0	1300
Ruy Lopez: Closed, Rossolimo defense	C96	0	1301
French: Classical, Vistaneckis (Nimzo�)��� Variation	C13	0	1302
Bird's Opening	A03	0	1303
Sicilian: Closed, Korchnoi Variation	B23	0	1304
Bird's Opening	A02	0	1305
Bishop's Opening: Philidor counter-attack	C23	0	1306
KGA: Abbazia defense, Botvinnik Variation	C36	0	1307
Queen's Indian defense: 4.Nc3	E12	0	1308
Dutch: Ilyin-Genevsky Variation with b3	A99	0	1309
KGD: Falkbeer, Main line, 7...Bf5	C32	0	1310
English: Closed system (without ...d6)	A25	0	1311
Queen's gambit declined: Semi-Slav: Meran, Stahlberg Variation	D49	0	1312
Ruy Lopez: Moeller defense	C78	0	1313
QP counter-gambit: Maroczy gambit	C40	0	1314
KGD: Classical, Marshall attack	C30	0	1315
English: New York (London) defensive system	A12	0	1316
Ponziani counter-gambit, Cordel Variation	C44	0	1317
Ruy Lopez: Schliemann defense, Berger Variation	C63	0	1318
Ruy Lopez: Worrall attack, sharp line	C86	0	1319
Philidor: Hanham, Delmar Variation	C41	0	1320
Ruy Lopez: Closed, Chigorin defense	C97	0	1321
KGA: Orsini gambit	C33	0	1322
KGD: Classical, Svenonius Variation	C30	0	1323
Scandinavian defense, Lasker Variation	B01	0	1324
Durkin's attack	A00	0	1325
French: Marshall Variation	C10	0	1326
Dunst (Sleipner,Heinrichsen) Opening	A00	0	1327
Bird's Opening: Williams gambit	A03	0	1328
Alekhine's defense: Four pawns attack, Korchnoi Variation	B03	0	1329
Corn stalk defense	B00	0	1330
French: Winawer, Advance, 6...Ne7	C19	0	1331
Gunderam defense	C40	0	1332
Queen's gambit declined: Slav: Winawer counter-gambit	D10	0	1333
Queen's gambit declined: Capablanca Variation	D30	0	1334
KGD: Classical, Hanham Variation	C30	0	1335
Philidor: Nimzovich, Sokolsky Variation	C41	0	1336
KGA: Bishop's gambit, McDonnell attack	C33	0	1337
Dutch: Leningrad, Karlsbad Variation	A81	0	1338
Queen's pawn: Stonewall attack	D00	0	1339
Queen's Indian defense: Marienbad system	A47	0	1340
KGA: Herzfeld gambit	C37	0	1341
QGA: Classical, 8...Bb7	D29	0	1342
Dutch, Manhattan (Alapin, Ulvestad) Variation	A80	0	1343
Ruy Lopez: Closed, Basque gambit (North Spanish Variation )	C84	0	1344
Queen's gambit declined: Semi-Slav: Meran, Wade Variation	D47	0	1345
Queen's gambit declined: Orthodox defense, Classical, 13.d1b1 (Maroczy)	D68	0	1346
Sicilian: Dragon, Classical, Alekhine Variation	B74	0	1347
Greco defense	C40	0	1348
Ruy Lopez: Open, Richter Variation	C80	0	1349
Sicilian: Scheveningen, Classical Variation with ...Qc7 and ...Nc6	B85	0	1350
Ruy Lopez: Closed, Kholmov Variation	C92	0	1351
Ruy Lopez: Cordel gambit	C64	0	1352
Sicilian: Richter-Rauzer, Podvebrady Variation	B62	0	1353
English: Symmetrical, Keres defense	A14	0	1354
Sicilian: Richter-Rauzer, Margate (Alekhine) Variation	B62	0	1355
Lasker simul special	A00	0	1356
Gruenfeld: Three knights Variation	D90	0	1357
Queen's Indian defense: Yates Variation	E16	0	1358
Two knights defense: Bogolyubov Variation	C58	0	1359
Gruenfeld: Russian, Byrne (Simagin) Variation	D97	0	1360
Sicilian: Velimirovic attack	B89	0	1361
Queen's gambit declined: Cambridge Springs defense, Bogoljubow Variation	D52	0	1362
KGA: Bishop's gambit, Bledow Variation	C33	0	1363
Ruy Lopez: Noah's ark trap	C88	0	1364
Reti: Herrstroem gambit	A04	0	1365
Hippopotamus defense	B00	0	1366
Petrov: French attack	C42	0	1367
Ruy Lopez: Worrall attack	C86	0	1368
KGA: Bishop's gambit, Paulsen attack	C33	0	1369
French: Exchange, Svenonius Variation	C01	0	1370
Vienna: Zhuravlev countergambit	C25	0	1371
French: Exchange, Bogolyubov Variation	C01	0	1372
Sicilian: Najdorf, Goteborg (Argentine) Variation	B98	0	1373
English: Romanishin gambit	A13	0	1374
Queen's gambit declined: Cambridge Springs defense	D52	0	1375
KGA: Bishop's gambit, Fraser Variation	C33	0	1376
Caro-Kann: Anti-Caro-Kann defense	B10	0	1377
Sicilian: wing gambit, Carlsbad Variation	B20	0	1378
QGA: Schwartz defense	D20	0	1379
English: Anglo-Gruenfeld, Smyslov defense	A16	0	1380
Richter-Veresov attack, Veresov Variation	D01	0	1381
Ruy Lopez: ...b5 & ...d6	C78	0	1382
French: Steinitz attack	C00	0	1383
Two knights defense, Perreux Variation	C55	0	1384
Queen's pawn: Anti-Veresov	D00	0	1385
Nimzo-Indian: 4.e3, Keres Variation	E53	0	1386
Scotch: Paulsen attack	C45	0	1387
Ruy Lopez: Noah's ark trap	C71	0	1388
Alekhine's defense: Brooklyn defense	B02	0	1389
Dutch, Korchnoi attack	A80	0	1390
KGD: Falkbeer, Nimzovich Variation	C31	0	1391
Queen's gambit declined: Tartakower Variation	D59	0	1392
Queen's gambit declined: Orthodox defense, Rubinstein Variation	D61	0	1393
English: Four knights, Stean Variation	A28	0	1394
Queen's gambit declined: Tarrasch, Stoltz Variation	D34	0	1395
KGD: Norwalde Variation , Buecker gambit	C30	0	1396
Dutch defense, Blackburne Variation	A81	0	1397
Sicilian: Dragon, Classical, Zollner gambit	B73	0	1398
King's Indian: Orthodox, Aronin-Taimanov, Benko attack	E99	0	1399
KGA: Bishop's gambit, Ruy Lopez defense	C33	0	1400
Caro-Kann: Alekhine gambit	B15	0	1401
Philidor: Lopez counter-gambit	C41	0	1402
Ponziani: Caro Variation	C44	0	1403
Gruenfeld: Russian, Levenfish Variation	D97	0	1404
Alekhine's defense: Four pawns attack	B03	0	1405
Ruy Lopez: Classical defense, Charousek Variation	C64	0	1406
Ruy Lopez: Closed (8...Na5)	C96	0	1407
Scandinavian: Kiel Variation	B01	0	1408
KGA: Kieseritsky, Berlin defense, Riviere Variation	C39	0	1409
QGA: Haberditz Variation	D22	0	1410
Gruenfeld: Exchange, Simagin's improved Variation	D86	0	1411
Pirc: Austrian attack, 6.Be3	B09	0	1412
Giuoco Piano: Jerome gambit	C50	0	1413
Alekhine's defense: Four pawns attack, Trifunovic Variation	B03	0	1414
Benko gambit: 7.e4	A59	0	1415
Queen's gambit declined: Slav: Breyer Variation	D11	0	1416
Latvian gambit, 3.Bc4	C40	0	1417
Sicilian: Najdorf, Ivkov Variation	B94	0	1418
Petrov: Italian Variation	C42	0	1419
Scotch: Meitner Variation	C45	0	1420
Danish gambit: Schlechter defense	C21	0	1421
Evans gambit: Paulsen Variation	C51	0	1422
Lemming defense	B00	0	1423
Saragossa Opening	A00	0	1424
Ruy Lopez: Vinogradov Variation	C60	0	1425
Queen's gambit declined: Hastings Variation	D30	0	1426
Ruy Lopez: Berlin defense, 4.O-O, d6	C66	0	1427
KGA: Breyer gambit	C33	0	1428
French: Chigorin Variation	C00	0	1429
French: Winawer, Advance, Russian Variation	C17	0	1430
Ruy Lopez: Closed, 9.d4	C91	0	1431
Ponziani: Fraser defense	C44	0	1432
Queen's gambit declined: Semi-Slav: Meran, Rellstab attack	D49	0	1433
Philidor: Nimzovich Variation	C41	0	1434
Giuoco Piano: Therkatz-Herzog Variation	C54	0	1435
Sicilian: Dragon, Yugoslav attack, 7...O-O	B76	0	1436
Giuoco piano	C55	0	1437
KGA: Allgaier, Urusov attack	C39	0	1438
KGA: Allgaier gambit	C39	0	1439
KGD: Falkbeer, 5.de	C32	0	1440
Sicilian: Taimanov Variation	B49	0	1441
Four knights: Rubinstein counter-gambit Maroczy Variation	C48	0	1442
Sicilian: Taimanov Variation	B46	0	1443
Sicilian: Scheveningen, Keres attack	B81	0	1444
Sicilian: wing gambit	B20	0	1445
Sicilian: Najdorf, 6.f4	B93	0	1446
Gruenfeld: Russian, Szabo (Boleslavsky) Variation	D97	0	1447
Sicilian: Nimzovich-Rubinstein; Rubinstein counter-gambit	B29	0	1448
Queen's gambit declined	D51	0	1449
center game: Charousek Variation	C22	0	1450
Nimzo-Indian: 4.e3, Main line with 7...Nc6	E56	0	1451
Bishop's Opening: Pratt Variation	C23	0	1452
Queen's gambit declined	D52	0	1453
Budapest defense declined	A51	0	1454
Queen's gambit declined: Tarrasch, Schlechter-Rubinstein system	D33	0	1455
Two knights defense: Yankovich Variation	C58	0	1456
Vienna gambit, Wurzburger trap	C29	0	1457
QGA: Alekhine defense	D22	0	1458
Queen's pawn: Englund gambit	A40	0	1459
Benko gambit accepted	A58	0	1460
Ruy Lopez: Berlin defense, Minckwitz Variation	C67	0	1461
Queen's gambit declined: Orthodox defense, Rauzer Variation	D60	0	1462
Gruenfeld: Flohr Variation	D90	0	1463
Evans gambit: Alapin-Steinitz Variation	C52	0	1464
King's Indian: Fianchetto, Yugoslav system	E64	0	1465
KGA: Muzio gambit	C37	0	1466
French: Classical, Pollock Variation	C14	0	1467
Ruy Lopez: Modern Steinitz defense	C75	0	1468
Ruy Lopez: Modern Steinitz defense	C74	0	1469
Sicilian: Taimanov, American attack	B45	0	1470
English: Bradley Beach Variation	A28	0	1471
Queen's gambit declined: Orthodox defense, Swiss (Henneberger) Variation	D63	0	1472
Vienna: Pierce gambit, Rushmere attack	C25	0	1473
Scotch gambit: Anderssen (Paulsen, Suhle) counter-attack	C44	0	1474
QGA: Linares Variation	D20	0	1475
Grob: Romford counter-gambit	A00	0	1476
Alekhine's defense: Exchange Variation	B03	0	1477
Ruy Lopez: Closed, Breyer, 10.d4	C95	0	1478
Queen's gambit declined: Semi-Tarrasch, Primitive Pillsbury Variation	D50	0	1479
Ruy Lopez: Exchange Variation , 5.O-O	C69	0	1480
Sicilian: Accelerated Fianchetto, Simagin Variation	B37	0	1481
Benoni: Classical without 9.O-O	A72	0	1482
Caro-Kann: Gurgenidze system	B15	0	1483
KGD: 2...Nf6	C30	0	1484
KGA: Allgaier, Blackburne gambit	C39	0	1485
Benoni: Classical without 9.O-O	A70	0	1486
Queen's gambit declined: Semi-Slav: Anti-Meran, Lilienthal Variation	D44	0	1487
Ponziani: Leonhardt Variation	C44	0	1488
Evans gambit declined, Vasquez Variation	C51	0	1489
Sicilian: Dragon, Classical, Stockholm attack	B74	0	1490
Pirc: Austrian attack, Dragon formation	B09	0	1491
French: MacCutcheon, Lasker Variation	C12	0	1492
Levitsky attack (Queen's Bishop attack)	D00	0	1493
Benoni: Fianchetto Variation	A61	0	1494
Ruy Lopez: Berlin defense, Rio de Janeiro Variation	C67	0	1495
KGD: Classical counter-gambit	C30	0	1496
Ruy Lopez: Classical defense, Zaitsev Variation	C64	0	1497
Sicilian, Szen (`anti-Taimanov') Variation	B44	0	1498
KGD: Norwalde Variation	C30	0	1499
Dutch: Staunton gambit, Lasker Variation	A83	0	1500
Ruy Lopez: Modern Steinitz defense, Richter Variation	C73	0	1501
Nimzo-Indian: Leningrad, Main line	E31	0	1502
Queen's gambit declined: Albin counter-gambit, Krenosz Variation	D08	0	1503
QGA: Classical, 7...b5	D28	0	1504
KGA: Allgaier, ThorOld Variation	C39	0	1505
Sicilian: O'Kelly Variation	B28	0	1506
Ruy Lopez: Closed Berlin defense, Wolf Variation	C66	0	1507
Alekhine's defense: Four pawns attack, 7.Be3	B03	0	1508
KP: Lopez Opening	C20	0	1509
Scotch: Cochrane Variation	C44	0	1510
Ruy Lopez: Closed, Bogolyubov Variation	C91	0	1511
French: Albin-Alekhine-Chatard attack, Maroczy Variation	C13	0	1512
Dutch defense: Bladel Variation	A84	0	1513
Sicilian: Scheveningen, Tal Variation	B82	0	1514
French: MacCutcheon, Grigoriev Variation	C12	0	1515
QGA: Classical, 6...a6	D27	0	1516
Giuoco Piano: Bird's attack	C53	0	1517
Scotch: Blackburne attack	C45	0	1518
King's Indian: Petrosian system, Keres Variation	E93	0	1519
Queen's gambit declined: Tarrasch defense, Marshall gambit	D32	0	1520
Sicilian: Sozin, 7.Be3	B89	0	1521
Dutch: Staunton gambit deferred	A84	0	1522
Queen's gambit declined: Semi-Slav: Meran, Old Main line	D48	0	1523
center game: Paulsen attack	C22	0	1524
Scotch: Romanishin Variation	C45	0	1525
Norwegian defense	B06	0	1526
Queen's gambit declined: Orthodox defense, Bd3 line, 11.O-O	D67	0	1527
Sicilian: Richter-Rauzer, Rauzer attack, 7...Be7 defense, 9.f4	B64	0	1528
KGD: Falkbeer, Rubinstein Variation	C31	0	1529
KGA: Ghulam Kassim gambit	C37	0	1530
Ponziani: Reti Variation	C44	0	1531
Halasz gambit	C21	0	1532
KGA: Tumbleweed gambit	C33	0	1533
Woozle defense	A43	0	1534
Ruy Lopez: Berlin defense, Rosenthal Variation	C67	0	1535
Sicilian: Acton extension	B27	0	1536
Nimzo-Indian: 4.e3, Main line with 8...dc and 9...cd	E57	0	1537
Petrov: Classical attack, close Variation	C42	0	1538
Two knights: Max Lange attack, Marshall Variation	C55	0	1539
Vienna: `Frankenstein-Dracula' Variation	C27	0	1540
KGA: Villemson (Steinitz) gambit	C33	0	1541
Sicilian: Dragon, Yugoslav attack, 9...Bd7	B77	0	1542
Two knights: Max Lange attack, Rubinstein Variation	C55	0	1543
Queen's gambit declined: Stonewall Variation	D30	0	1544
Queen's Indian defense: 4.Nc3, Main line	E13	0	1545
Two knights defense: Kieseritsky Variation	C58	0	1546
Two knights: Max Lange attack	C55	0	1547
Petrov: Modern attack, Trifunovic Variation	C43	0	1548
King's Indian: Andersson Variation	E92	0	1549
Ruy Lopez: Exchange Variation , Alapin gambit	C69	0	1550
Queen's gambit declined: Marshall defense	D06	0	1551
Queen's gambit declined: Semi-Slav: Chigorin defense	D46	0	1552
Philidor: Hanham, Krause Variation	C41	0	1553
Nimzo-Indian: Classical, Adorjan gambit	E32	0	1554
English: Closed, Hort Variation	A25	0	1555
Queen's gambit declined: Slav: Dutch, Saemisch Variation	D19	0	1556
Alekhine's defense: O'Sullivan gambit	B03	0	1557
Philidor: Philidor counter-gambit, Berger Variation	C41	0	1558
KGD: Classical, 4.c3	C30	0	1559
KGA: Abbazia defense, Modern Variation	C36	0	1560
Two knights defense: Goering Variation	C59	0	1561
Evans gambit declined, Lange Variation	C51	0	1562
Queen's gambit declined: Canal (Venice) Variation	D50	0	1563
Philidor: Berger Variation	C41	0	1564
Giuoco Pianissimo: Dubois Variation	C50	0	1565
Ruy Lopez: Berlin defense, Winawer attack	C67	0	1566
Dutch, Von Pretzel gambit	A80	0	1567
Alekhine's defense: Balogh Variation	B03	0	1568
French: Tarrasch, Botvinnik Variation	C05	0	1569
Blumenfeld counter-gambit	E10	0	1570
Bishop's Opening: del Rio Variation	C23	0	1571
Philidor: Philidor counter-gambit, del Rio attack	C41	0	1572
Queen's gambit declined: Neo-Orthodox Variation , 7.Bxf6	D55	0	1573
Two knights defense: Steinitz Variation	C59	0	1574
Van't Kruijs Opening	A00	0	1575
King's Indian: Four pawns attack, dynamic line	E76	0	1576
King's Indian: Saemisch, double Fianchetto Variation	E82	0	1577
Dutch: Stonewall, Botwinnik Variation	A93	0	1578
Nimzo-Indian: Spielmann, Staahlberg Variation	E23	0	1579
Sicilian: Pin, Jaffe Variation	B40	0	1580
Two knights: Max Lange attack, Berger Variation	C55	0	1581
Benoni: Fianchetto, 9...Nbd7	A63	0	1582
Queen's gambit declined: Slav: Steiner Variation	D16	0	1583
Gruenfeld: Exchange, Spassky Variation	D87	0	1584
English: Three knights system	A27	0	1585
Sicilian: Gloria Variation	B20	0	1586
Alekhine's defense: Steiner Variation	B02	0	1587
Evans gambit declined, Showalter Variation	C51	0	1588
Scotch: Berger Variation	C45	0	1589
KGD: Falkbeer, Milner-Barry Variation	C31	0	1590
Philidor: Nimzovich, Klein Variation	C41	0	1591
Gruenfeld: 5.Bg5	D91	0	1592
Alekhine's defense: Two pawns' (Lasker's) attack	B02	0	1593
Sicilian: Richter-Rauzer, Rauzer attack, 7...a6 defense, 9...Be7	B68	0	1594
Queen's Indian defense: Marienbad system, Berg Variation	A47	0	1595
Sicilian: Quinteros Variation	B27	0	1596
Sicilian: Dragon, Classical, 8.O-O	B73	0	1597
Queen's gambit declined: Lasker defense, Bernstein Variation	D57	0	1598
English: Anglo-Gruenfeld defense, Korchnoi Variation	A16	0	1599
Sicilian: Dragon, Yugoslav attack, 12.h4	B79	0	1600
King's Indian: Fianchetto, Larsen system	E62	0	1601
Evans gambit: 5...Be7	C51	0	1602
Sicilian, Szen, hedgehog Variation	B44	0	1603
Sicilian: Pelikan, Bird Variation	B33	0	1604
Latvian: Polerio Variation	C40	0	1605
Ruy Lopez: Open, Bernstein Variation	C80	0	1606
Ruy Lopez: Closed, Chigorin, 12...Nc6	C98	0	1607
English: Bremen, Smyslov system	A22	0	1608
QGA: Classical, 7.Qe2	D28	0	1609
Valencia Opening	A00	0	1610
Neo-Gruenfeld, 5.cd, Main line	D72	0	1611
Sicilian: Richter-Rauzer, Rauzer attack, Geller Variation	B64	0	1612
Alekhine's defense: Saemisch attack	B02	0	1613
QGA: Ericson Variation	D21	0	1614
Nimzovich-Larsen attack: Symmetrical Variation	A01	0	1615
Two knights defense: Fritz Variation	C57	0	1616
King's Indian: Fianchetto, Classical Main line	E69	0	1617
Gruenfeld: Flohr defense	D94	0	1618
Dutch: Ilyin-Genevsky, Winter Variation	A97	0	1619
Queen's gambit declined: Tarrasch defense, Tarrasch gambit	D32	0	1620
Giuoco Piano: Bernstein Variation	C54	0	1621
Dutch: Stonewall with Ba3	A94	0	1622
French: MacCutcheon, Dr. Olland (Dutch) Variation	C12	0	1623
Danish gambit: Soerensen defense	C21	0	1624
Ruy Lopez: Exchange Variation	C68	0	1625
Sicilian: Kan, Swiss cheese Variation	B42	0	1626
King's Indian: 3.g3, counterthrust Variation	E60	0	1627
Sicilian: Chekhover, Zaitsev Variation	B53	0	1628
Catalan: Closed, Spassky gambit	E08	0	1629
Queen's gambit declined: Semi-Slav: Anti-Meran, Alatortsev system	D44	0	1630
Giuoco Piano: Ghulam Kassim Variation	C53	0	1631
Ruy Lopez: Open, Motzko attack, Nenarokov Variation	C82	0	1632
Four knights: Svenonius Variation	C49	0	1633
Caro-Kann: Panov-Botvinnik, Herzog defense	B13	0	1634
King's Indian: Orthodox, 7...Nbd7	E94	0	1635
French: MacCutcheon, Advance Variation	C12	0	1636
QGA: Classical, Smyslov Variation	D29	0	1637
Dutch: Staunton gambit, Tartakower Variation	A82	0	1638
Giuoco piano: Holzhausen attack	C55	0	1639
Budapest defense	A52	0	1640
Evans gambit: compromised defense, Paulsen Variation	C52	0	1641
Catalan: Closed, Zagoryansky Variation	E08	0	1642
Scotch: Paulsen, Gunsberg defense	C45	0	1643
Dutch: Stonewall with Nc3	A95	0	1644
Ruy Lopez: Marshall, Main line, 12.d2d4	C89	0	1645
Dutch: Stonewall with Nc3	A92	0	1646
Nimzo-Indian: Classical, 4...Nc6	E33	0	1647
Old Benoni: Franco-Benoni defense	A43	0	1648
Ruy Lopez: Cozio defense	C60	0	1649
Ruy Lopez: Classical defense, Boden Variation	C64	0	1650
English: Symmetrical, Main line with b3	A38	0	1651
Queen's gambit declined: Orthodox defense, Bd3 line, Fianchetto Variation	D66	0	1652
Ruy Lopez: Berlin defense, Mortimer trap	C65	0	1653
KGA: Bishop's gambit, Jaenisch Variation	C33	0	1654
French: Tarrasch, Closed Variation , Main line	C06	0	1655
English, Keres Variation	A21	0	1656
Two knights defense: Lolli attack	C57	0	1657
Gruenfeld: Pachman Variation	D95	0	1658
French: Winawer, Kondratiyev Variation	C15	0	1659
Vienna gambit: Breyer Variation	C29	0	1660
Philidor: Paulsen attack	C41	0	1661
Bird: Hobbs gambit	A02	0	1662
English: Symmetrical, hedgehog, flexible formation	A30	0	1663
Evans gambit: Morphy attack	C51	0	1664
Four knights: Symmetrical, Blake Variation	C49	0	1665
Dutch: Staunton gambit, Staunton's line	A83	0	1666
Evans gambit declined, Hirschbach Variation	C51	0	1667
Queen's pawn: Bronstein gambit	A45	0	1668
KGA: Bishop's gambit, Greco Variation	C33	0	1669
Bogo-Indian defense, Monticelli trap	E11	0	1670
Blackmar-Diemer gambit	D00	0	1671
Ruy Lopez: Closed, Averbach Variation	C87	0	1672
Sicilian: Sozin, Leonhardt Variation	B88	0	1673
Evans gambit: Richardson attack	C52	0	1674
Queen's gambit declined: Semi-Tarrasch with e3	D41	0	1675
Sicilian: Dragon, Classical, Amsterdam Variation	B72	0	1676
Two knights: Max Lange attack, Steinitz Variation	C55	0	1677
Queen's gambit declined: Slav: Dutch, Lasker Variation	D18	0	1678
Vienna: Steinitz gambit, Zukertort defense	C25	0	1679
Giuoco Piano: Krause Variation	C54	0	1680
Bird's Opening: Lasker Variation	A03	0	1681
Vienna: Mengarini Variation	C26	0	1682
Two knights defense	C56	0	1683
Amar gambit	A00	0	1684
KGD: Falkbeer, Charousek Variation	C32	0	1685
Two knights defense	C59	0	1686
KGA: Lopez-Gianutio counter-gambit, Hein Variation	C33	0	1687
Evans gambit declined, Hicken Variation	C51	0	1688
Gruenfeld defense: Smyslov, Main line	D99	0	1689
Queen's gambit declined: Slav	D30	0	1690
French: Classical, Tarrasch Variation	C14	0	1691
Queen's gambit declined: Orthodox defense, 7.Qc2 c5, 8.cd (Rubinstein)	D62	0	1692
Queen's gambit declined: Semi-Slav: Botvinnik system (anti-Meran)	D44	0	1693
Ruy Lopez: Pollock defense	C60	0	1694
KGA: Carrera (Basman) gambit	C33	0	1695
Benoni defense, Hromodka system	A56	0	1696
Vienna: Steinitz gambit	C25	0	1697
Two knights defense, Keidanz Variation	C55	0	1698
Reversed Grob (Borg/Basman defense/macho Grob)	B00	0	1699
Ruy Lopez: Closed Berlin defense, Bernstein Variation	C66	0	1700
Tennison (Lemberg, Zukertort) gambit	A06	0	1701
Scotch gambit: Benima defense	C44	0	1702
Bishop's Opening: Lewis counter-gambit	C23	0	1703
King's Indian: Petrosian system, Main line	E93	0	1704
Boden-Kieseritsky gambit	C27	0	1705
Sicilian: Dragon, Yugoslav attack, Byrne Variation	B77	0	1706
center game, Kieseritsky Variation	C21	0	1707
Ruy Lopez: Open, Howell attack, Ekstroem Variation	C81	0	1708
Bishop's Opening: MacDonnell double gambit	C23	0	1709
Evans gambit: Fraser-Mortimer attack	C51	0	1710
Sicilian: Dragon, Classical, Grigoriev Variation	B72	0	1711
Sicilian: wing gambit deferred	B50	0	1712
QGA: Alekhine defense, Alatortsev Variation	D22	0	1713
Benoni: Classical, 9...Re8	A76	0	1714
King's Indian: Orthodox, Aronin-Taimanov, Main line	E99	0	1715
French: Steinitz, Brodsky-Jones Variation	C11	0	1716
Giuoco Piano: Steinitz Variation	C54	0	1717
Vienna gambit: Kaufmann Variation	C29	0	1718
KGA: Muzio gambit, Brentano defense	C37	0	1719
Four knights: Symmetrical, Capablanca Variation	C49	0	1720
Ruy Lopez: Nuernberg Variation	C60	0	1721
Ruy Lopez: Bird's defense, Paulsen Variation	C61	0	1722
Two knights defense: Fegatello attack	C57	0	1723
Two knights: Max Lange attack, Krause Variation	C55	0	1724
Queen's gambit declined: Slav: Exchange Variation , 6.Bf4 Bf5	D14	0	1725
KP: Neo-Mongoloid defense	B00	0	1726
English: Symmetrical, Botvinnik system Reversed	A36	0	1727
English: Symmetrical, Botvinnik system Reversed	A37	0	1728
King's Indian: Four pawns attack	E76	0	1729
King's Indian: Four pawns attack	E77	0	1730
Hungarian defense: Tartakower Variation	C50	0	1731
Polish: Outflank Variation	A00	0	1732
Ruy Lopez: Siesta, Kopayev Variation	C74	0	1733
Nimzo-Indian: Spielmann, San Remo Variation	E23	0	1734
Catalan: Open, 5.Qa4 Nbd7, 6.Qxc4	E03	0	1735
Philidor: Lopez counter-gambit, Jaenisch Variation	C41	0	1736
Alekhine's defense: Modern Variation , 4...Bg4	B05	0	1737
KGD: Falkbeer, Charousek gambit	C32	0	1738
Four knights: Symmetrical, Maroczy system	C49	0	1739
Queen's pawn: Lundin (Kevitz-Mikenas) defense	A40	0	1740
Queen's gambit declined: Tarrasch, Folkestone (Swedish) Variation	D33	0	1741
KGA: Silberschmidt gambit	C37	0	1742
Four knights: Spielmann Variation	C48	0	1743
Dutch, Krejcik gambit	A80	0	1744
Gruenfeld with e3 & Qb3	D95	0	1745
Blackmar gambit	D00	0	1746
Gruenfeld: Gruenfeld gambit accepted	D84	0	1747
QGA, Bogolyubov Variation	D24	0	1748
Queen's gambit declined: Orthodox defense, Pillsbury attack	D63	0	1749
King's Indian: Four pawns attack, with Be2 and Nf3	E78	0	1750
KGA: Bishop's gambit, Steinitz defense	C33	0	1751
English: Capablanca's Variation	A12	0	1752
Queen's gambit declined: Petrosian Variation	D55	0	1753
Queen's gambit declined: Orthodox defense, Rubinstein attack, Karlsbad Variation	D64	0	1754
KGD: Classical Variation	C30	0	1755
Queen's gambit declined: Slav: Tolush-Geller gambit	D15	0	1756
French: Winawer, Advance, poisoned pawn Variation	C19	0	1757
KGA: Lolli gambit (wild Muzio gambit)	C37	0	1758
Caro-Kann: GOldman (Spielmann) Variation	B10	0	1759
Nimzo-Indian: Saemisch Variation	E26	0	1760
Ruy Lopez: Berlin defense, Trifunovic Variation	C67	0	1761
Dutch: Stonewall Variation	A92	0	1762
French: MacCutcheon, Bogolyubov Variation	C12	0	1763
KGD: Mafia defense	C30	0	1764
KGA: MacDonnell gambit	C37	0	1765
Carr's defense	B00	0	1766
English: Bremen, reverse Dragon	A22	0	1767
KP: Nimzovich defense, Marshall gambit	B00	0	1768
Mujannah Opening	A03	0	1769
Sicilian: Sozin attack	B86	0	1770
King's Indian: Danube gambit	E60	0	1771
Blumenfeld counter-gambit, Spielmann Variation	E10	0	1772
Alekhine's defense: Spielmann Variation	B02	0	1773
Ruy Lopez: Closed, Chigorin, Yugoslav system	C97	0	1774
Queen's gambit declined: Orthodox defense, Classical Variation	D68	0	1775
English: Four knights, Nimzovich Variation	A28	0	1776
KGA: Schurig gambit	C33	0	1777
Sicilian: Accelerated Fianchetto, Breyer Variation	B39	0	1778
Petrov: Modern attack, Main line	C43	0	1779
Queen's gambit declined: Cambridge Springs defense, Capablanca Variation	D52	0	1780
Sicilian: 2.c3, Heidenfeld Variation	B22	0	1781
French: Steinitz, Bradford attack	C11	0	1782
Evans gambit declined, Cordel Variation	C51	0	1783
King's Indian: Four pawns attack, Florentine gambit	E77	0	1784
Queen's gambit declined: Orthodox defense, Rubinstein attack, Main line	D65	0	1785
Queen's pawn game, Zukertort Variation	D05	0	1786
Global Opening	A00	0	1787
French: Pelikan Variation	C00	0	1788
Nimzo-Indian: Spielmann, 4...c5, 5.dc Nc6	E23	0	1789
French: Winawer, Classical Variation	C18	0	1790
Ruy Lopez: Closed, Keres (9...a5) Variation	C92	0	1791
Queen's gambit declined: 4.Bg5 Nbd7	D51	0	1792
Queen's gambit declined: Slav: Smyslov Variation	D16	0	1793
Gruenfeld: Schlechter Variation	D90	0	1794
Neo-Gruenfeld, 6.cd Nxd5, 7.O-O c5, 8.Nc3	D75	0	1795
Bird's Opening, Swiss gambit	A02	0	1796
KGA: Bishop's gambit, Morphy Variation	C33	0	1797
Ponziani Opening	C44	0	1798
Benoni: Four pawns attack, Main line	A69	0	1799
Four knights: Nimzovich (Paulsen) Variation	C49	0	1800
Queen's gambit declined: Lasker Variation	D53	0	1801
Dutch: Staunton gambit, Chigorin Variation	A83	0	1802
Queen's gambit declined: Semi-Slav: 5.Bg5 dc	D44	0	1803
Philidor: Larsen Variation	C41	0	1804
Gruenfeld defense: Smyslov, Yugoslav Variation	D99	0	1805
French: Swiss Variation	C11	0	1806
Queen's gambit declined: Semi-Slav, Koomen Variation	D31	0	1807
Ruy Lopez: Closed, Ragozin-Petrosian (`Keres') Variation	C92	0	1808
Queen's gambit declined: Semi-Slav: Anti-Meran gambit	D44	0	1809
Ruy Lopez: Open, Knorre Variation	C80	0	1810
Ruy Lopez: Trajkovic counter-attack	C88	0	1811
KGA: Bishop's gambit, Boren-Svenonius Variation	C33	0	1812
Sicilian: Dragon, Yugoslav attack, 9.Bc4	B77	0	1813
Ruy Lopez: Old Steinitz defense, Nimzovich attack	C62	0	1814
Sicilian: Scheveningen, 6.Be2	B83	0	1815
Santasiere's folly	A06	0	1816
Scotch: Gottschall Variation	C45	0	1817
King's Indian: Four pawns attack, Main line	E79	0	1818
Philidor: Boden Variation	C41	0	1819
King's Indian: Orthodox, Aronin-Taimanov, bayonet attack	E97	0	1820
Two knights defense: Fegatello attack, Polerio defense	C57	0	1821
Gruenfeld: Spassky Variation , Main line, 13.Bd3	D89	0	1822
Benko gambit: Nescafe Frappe attack	A57	0	1823
Bishop's Opening: Ponziani gambit	C24	0	1824
KGD: Falkbeer, Morphy gambit	C31	0	1825
King's Indian: Saemisch, Ruban Variation	E83	0	1826
Evans gambit: Steinitz Variation	C51	0	1827
English: Symmetrical, Main line with d3	A38	0	1828
Sicilian: Scheveningen, 6.f4	B82	0	1829
Ruy Lopez: Open, Berger Variation	C80	0	1830
Queen's gambit declined: Pillsbury attack	D55	0	1831
Four knights: Italian Variation	C46	0	1832
English: Symmetrical Variation	A33	0	1833
English: Symmetrical Variation	A32	0	1834
King's Indian: Saemisch, Orthodox, Bronstein Variation	E87	0	1835
King's Indian: Pomar system	E72	0	1836
English: Symmetrical Variation	A38	0	1837
French: MacCutcheon, Duras Variation	C12	0	1838
Czech Benoni: King's Indian system	A56	0	1839
Caro-Masi defense	B12	0	1840
Irish (Chicago) gambit	C44	0	1841
Scandinavian: Icelandic gambit	B01	0	1842
Sicilian: Canal-Sokolsky attack, Bronstein gambit	B52	0	1843
Nimzo-Indian: Saemisch, O'Kelly Variation	E26	0	1844
KGA: Bishop's gambit, Boden defense	C33	0	1845
Sicilian: Najdorf, Browne Variation	B98	0	1846
Budapest: Alekhine Variation	A52	0	1847
Ruy Lopez: Open, Bernstein Variation , Karpov gambit	C80	0	1848
Amar (Paris) Opening	A00	0	1849
Latvian: Fraser defense	C40	0	1850
Ruy Lopez: Closed (10...c5)	C96	0	1851
St. George (Baker) defense	B00	0	1852
Alekhine's defense: Four pawns attack, Tartakower Variation	B03	0	1853
English: Symmetrical, Main line with d4	A39	0	1854
Ruy Lopez: Open, Zukertort Variation	C80	0	1855
Scotch: Rosenthal Variation	C45	0	1856
English: Symmetrical, Rubinstein system	A34	0	1857
Vienna: Hamppe-Allgaier gambit	C25	0	1858
Queen's Indian defense: Rubinstein Variation	E15	0	1859
Hammerschlag (Fried fox/Pork chop Opening)	A00	0	1860
Dutch: Staunton gambit, Alekhine Variation	A83	0	1861
Budapest: Fajarowicz, Steiner Variation	A51	0	1862
Hawk (Habichd) defense	A43	0	1863
Amsterdam attack	A00	0	1864
KGA: Salvio gambit	C37	0	1865
Two knights defense: Yurdansky attack	C56	0	1866
Ruy Lopez: Closed, Chigorin, Rauzer attack	C98	0	1867
KGA: Kieseritsky, Kolisch defense	C39	0	1868
KGA: Kieseritsky, Paulsen defense	C39	0	1869
Benko gambit: Ne2 Variation	A59	0	1870
KGA: Kieseritsky, Berlin defense	C39	0	1871
Dutch: Hort-Antoshin system	A86	0	1872
Evans counter-gambit	C51	0	1873
Queen's gambit declined: Semi-Slav: Meran, ReynOlds' Variation	D48	0	1874
Queen's Indian defense: Riumin Variation	E16	0	1875
Ruy Lopez: Berlin defense, Anderssen Variation	C65	0	1876
Dutch: Leningrad, Main Variation with c6	A88	0	1877
Ponziani: Romanishin Variation	C44	0	1878
Three knights: Steinitz Variation	C46	0	1879
Old Indian: Dus-Khotimirsky Variation	A54	0	1880
Scandinavian: Anderssen counter-attack, Goteborg system	B01	0	1881
Catalan: Closed, 6...Nbd7	E07	0	1882
Scotch: Relfsson gambit ('MacLopez')	C44	0	1883
Battambang Opening	A00	0	1884
Bird: From gambit, Lipke Variation	A02	0	1885
King's Indian: Fianchetto, lesser Simagin (Spassky) Variation	E62	0	1886
Ruy Lopez: Berlin defense, Nyholm attack	C65	0	1887
Ruy Lopez: Closed, Breyer, Simagin Variation	C95	0	1888
KGA: Muzio gambit, Paulsen Variation	C37	0	1889
Alekhine's defense: Kmoch Variation	B02	0	1890
French: MacCutcheon, Bernstein Variation	C12	0	1891
KGA: Kieseritsky, Brentano defense, Caro Variation	C39	0	1892
Ruy Lopez: Marshall, Main line, 14...Qh3	C89	0	1893
Two knights defense: Maroczy Variation	C58	0	1894
Sicilian: Modern Scheveningen, Main line with Nb3	B83	0	1895
Evans gambit: Cordel Variation	C51	0	1896
Evans gambit declined, Pavlov Variation	C51	0	1897
French: MacCutcheon, Janowski Variation	C12	0	1898
Evans gambit: Levenfish Variation	C52	0	1899
KGA: Salvio gambit, Anderssen counter-attack	C37	0	1900
Ruy Lopez: Berlin defense, Duras Variation	C65	0	1901
Ruy Lopez: Exchange, Keres Variation	C68	0	1902
Benko gambit: Fianchetto Variation	A58	0	1903
King's Indian: Saemisch, 6...Nc6	E83	0	1904
KGD: Falkbeer counter-gambit	C31	0	1905
Gruenfeld: Spike gambit	D80	0	1906
Sicilian: Najdorf, Polugayevsky, Simagin Variation	B96	0	1907
French: Classical, Steinitz Variation	C14	0	1908
KGA: Kieseritsky, Polerio defense	C39	0	1909
Sicilian: Richter-Rauzer, Bondarevsky Variation	B60	0	1910
Sicilian: Accelerated Fianchetto, Gurgenidze Variation	B36	0	1911
Nimzo-Indian: Spielmann Variation	E22	0	1912
Petrov: Classical attack, Marshall trap	C42	0	1913
Nimzo-Indian: Saemisch, Botvinnik Variation	E24	0	1914
Queen's gambit declined: Anti-neo-Orthodox Variation	D54	0	1915
Ruy Lopez: Marshall, Kevitz Variation	C89	0	1916
Two knights defense: Wilkes Barre (Traxler) Variation	C57	0	1917
QGA: Mannheim Variation	D23	0	1918
Giuoco Piano: Moeller (Therkatz) attack	C54	0	1919
Ruy Lopez: Closed, anti-Marshall 8.a4	C88	0	1920
Dutch with c4 & Nc3	A85	0	1921
Scandinavian, Mieses-Kotrvc gambit	B01	0	1922
